timestamp,benchmark_equity
2022-01-03 00:00:00+00:00,100000.0
2022-01-04 00:00:00+00:00,98740.26931973302
2022-01-05 00:00:00+00:00,95799.34814851856
2022-01-06 00:00:00+00:00,95737.0685984134
2022-01-07 00:00:00+00:00,94824.22429817707
2022-01-10 00:00:00+00:00,95263.031471952
2022-01-11 00:00:00+00:00,96321.75632785878
2022-01-12 00:00:00+00:00,96728.93558249489
2022-01-13 00:00:00+00:00,93721.14612328135
2022-01-14 00:00:00+00:00,94699.5165134089
2022-01-17 00:00:00+00:00,94388.26031580931
2022-01-18 00:00:00+00:00,92380.86453552262
2022-01-19 00:00:00+00:00,90954.99662227472
2022-01-20 00:00:00+00:00,89249.80313023388
2022-01-21 00:00:00+00:00,87423.63843328282
2022-01-24 00:00:00+00:00,87102.39953533917
2022-01-25 00:00:00+00:00,84939.37300217227
2022-01-26 00:00:00+00:00,85877.82556752971
2022-01-27 00:00:00+00:00,84961.8666380255
2022-01-28 00:00:00+00:00,87416.42238341595
2022-01-31 00:00:00+00:00,90274.71088455818
2022-02-01 00:00:00+00:00,90917.07569071477
2022-02-02 00:00:00+00:00,93571.13657158751
2022-02-03 00:00:00+00:00,90179.63959556645
2022-02-04 00:00:00+00:00,91905.98303845128
2022-02-07 00:00:00+00:00,90842.05397491039
2022-02-08 00:00:00+00:00,91651.0336370173
2022-02-09 00:00:00+00:00,94279.79718294376
2022-02-10 00:00:00+00:00,92733.68523389865
2022-02-11 00:00:00+00:00,89440.10088750964
2022-02-14 00:00:00+00:00,89456.07117267055
2022-02-15 00:00:00+00:00,92861.90894514482
2022-02-16 00:00:00+00:00,93057.81014335624
2022-02-17 00:00:00+00:00,89557.01066213546
2022-02-18 00:00:00+00:00,88187.02467599233
2022-02-21 00:00:00+00:00,88315.34369475798
2022-02-22 00:00:00+00:00,87521.92960487092
2022-02-23 00:00:00+00:00,85315.77763100443
2022-02-24 00:00:00+00:00,87260.34003325741
2022-02-25 00:00:00+00:00,88734.462714562
2022-02-28 00:00:00+00:00,88696.9265679621
2022-03-01 00:00:00+00:00,87292.97787657026
2022-03-02 00:00:00+00:00,87813.5471975755
2022-03-03 00:00:00+00:00,86784.6517189331
2022-03-04 00:00:00+00:00,85194.00637081426
2022-03-07 00:00:00+00:00,81284.7930534658
2022-03-08 00:00:00+00:00,81307.74836523386
2022-03-09 00:00:00+00:00,85115.60104698689
2022-03-10 00:00:00+00:00,85020.0862453715
2022-03-11 00:00:00+00:00,83716.29344628418
2022-03-14 00:00:00+00:00,82461.1362805801
2022-03-15 00:00:00+00:00,85190.37339916747
2022-03-16 00:00:00+00:00,88388.44935424592
2022-03-17 00:00:00+00:00,89478.28036162395
2022-03-18 00:00:00+00:00,92049.55380092088
2022-03-21 00:00:00+00:00,92464.12520539711
2022-03-22 00:00:00+00:00,93409.95547776717
2022-03-23 00:00:00+00:00,91960.7037288275
2022-03-24 00:00:00+00:00,94803.58713272512
2022-03-25 00:00:00+00:00,94295.84269401261
2022-03-28 00:00:00+00:00,95321.2588760775
2022-03-29 00:00:00+00:00,96495.7461014087
2022-03-30 00:00:00+00:00,95497.85484158453
2022-03-31 00:00:00+00:00,94079.31709092915
2022-04-01 00:00:00+00:00,94175.88432100399
2022-04-04 00:00:00+00:00,97868.67250950281
2022-04-05 00:00:00+00:00,94918.35831349384
2022-04-06 00:00:00+00:00,91258.97146962403
2022-04-07 00:00:00+00:00,90536.89651523404
2022-04-08 00:00:00+00:00,88626.71538222535
2022-04-11 00:00:00+00:00,85786.12882173083
2022-04-12 00:00:00+00:00,85176.65272547619
2022-04-13 00:00:00+00:00,86393.3252116155
2022-04-14 00:00:00+00:00,84277.19451566313
2022-04-18 00:00:00+00:00,84087.77840070028
2022-04-19 00:00:00+00:00,84705.6558699771
2022-04-20 00:00:00+00:00,83660.87237553997
2022-04-21 00:00:00+00:00,81641.13131617579
2022-04-22 00:00:00+00:00,79326.17174676045
2022-04-25 00:00:00+00:00,80680.41459316737
2022-04-26 00:00:00+00:00,78003.66271157326
2022-04-27 00:00:00+00:00,77341.83268476179
2022-04-28 00:00:00+00:00,80227.985566597
2022-04-29 00:00:00+00:00,76680.57549681547
2022-05-02 00:00:00+00:00,78492.65389890027
2022-05-03 00:00:00+00:00,78653.65453750051
2022-05-04 00:00:00+00:00,80137.14111903132
2022-05-05 00:00:00+00:00,76374.80751137128
2022-05-06 00:00:00+00:00,75490.38541608938
2022-05-09 00:00:00+00:00,72414.4824934625
2022-05-10 00:00:00+00:00,73881.47062350156
2022-05-11 00:00:00+00:00,71998.31465557375
2022-05-12 00:00:00+00:00,70560.68417028441
2022-05-13 00:00:00+00:00,73155.6150012869
2022-05-16 00:00:00+00:00,72468.26923959167
2022-05-17 00:00:00+00:00,74404.16689632686
2022-05-18 00:00:00+00:00,71210.27464619909
2022-05-19 00:00:00+00:00,70626.50006777987
2022-05-20 00:00:00+00:00,70452.60364100314
2022-05-23 00:00:00+00:00,71331.54832545223
2022-05-24 00:00:00+00:00,69641.41305355438
2022-05-25 00:00:00+00:00,70818.39451097963
2022-05-26 00:00:00+00:00,72996.39624903588
2022-05-27 00:00:00+00:00,75690.22049878103
2022-05-30 00:00:00+00:00,75815.24928629627
2022-05-31 00:00:00+00:00,75922.6072996906
2022-06-01 00:00:00+00:00,75763.41956735423
2022-06-02 00:00:00+00:00,77843.03543199415
2022-06-03 00:00:00+00:00,75844.27499801718
2022-06-06 00:00:00+00:00,76347.09954323014
2022-06-07 00:00:00+00:00,76471.50044878511
2022-06-08 00:00:00+00:00,76053.48327243916
2022-06-09 00:00:00+00:00,74510.76233984584
2022-06-10 00:00:00+00:00,71547.53061389615
2022-06-13 00:00:00+00:00,68285.673158615
2022-06-14 00:00:00+00:00,68361.47442349655
2022-06-15 00:00:00+00:00,70088.81012417146
2022-06-16 00:00:00+00:00,67574.52293575255
2022-06-17 00:00:00+00:00,68429.42733481545
2022-06-20 00:00:00+00:00,68855.84162617908
2022-06-21 00:00:00+00:00,70898.69366425049
2022-06-22 00:00:00+00:00,70571.86701265462
2022-06-23 00:00:00+00:00,71142.38186033712
2022-06-24 00:00:00+00:00,73762.25929094866
2022-06-27 00:00:00+00:00,72969.0605770483
2022-06-28 00:00:00+00:00,70597.0256598509
2022-06-29 00:00:00+00:00,70391.38382486474
2022-06-30 00:00:00+00:00,69286.07599012426
2022-07-01 00:00:00+00:00,69097.36434394459
2022-07-04 00:00:00+00:00,69122.37042275928
2022-07-05 00:00:00+00:00,70619.09846917183
2022-07-06 00:00:00+00:00,71434.24753101515
2022-07-07 00:00:00+00:00,73434.52697487782
2022-07-08 00:00:00+00:00,73479.85397545638
2022-07-11 00:00:00+00:00,71972.77842358581
2022-07-12 00:00:00+00:00,71067.8717206005
2022-07-13 00:00:00+00:00,70355.38355511795
2022-07-14 00:00:00+00:00,70554.89830148323
2022-07-15 00:00:00+00:00,71626.21917026688
2022-07-18 00:00:00+00:00,71162.25360799057
2022-07-19 00:00:00+00:00,73350.39895231149
2022-07-20 00:00:00+00:00,74859.80606421382
2022-07-21 00:00:00+00:00,75418.77263438977
2022-07-22 00:00:00+00:00,73887.49190998779
2022-07-25 00:00:00+00:00,73410.3852677893
2022-07-26 00:00:00+00:00,71887.72060329706
2022-07-27 00:00:00+00:00,75538.56922414861
2022-07-28 00:00:00+00:00,76392.42162316009
2022-07-29 00:00:00+00:00,78245.0920916796
2022-08-01 00:00:00+00:00,78367.18444012594
2022-08-02 00:00:00+00:00,78029.93707217596
2022-08-03 00:00:00+00:00,79725.7933117764
2022-08-04 00:00:00+00:00,80235.95493262181
2022-08-05 00:00:00+00:00,79696.46709850889
2022-08-08 00:00:00+00:00,78757.13910004264
2022-08-09 00:00:00+00:00,77929.73501686464
2022-08-10 00:00:00+00:00,80143.56366643279
2022-08-11 00:00:00+00:00,79900.44113148865
2022-08-12 00:00:00+00:00,81564.0610338012
2022-08-15 00:00:00+00:00,82025.71414791026
2022-08-16 00:00:00+00:00,82107.04694372516
2022-08-17 00:00:00+00:00,81255.37721295218
2022-08-18 00:00:00+00:00,81756.23508250312
2022-08-19 00:00:00+00:00,79678.76641265902
2022-08-22 00:00:00+00:00,77396.64629677206
2022-08-23 00:00:00+00:00,77396.4160694171
2022-08-24 00:00:00+00:00,77514.21494380703
2022-08-25 00:00:00+00:00,78938.43758938213
2022-08-26 00:00:00+00:00,75368.15307132315
2022-08-29 00:00:00+00:00,74181.01446644607
2022-08-30 00:00:00+00:00,74132.33225836813
2022-08-31 00:00:00+00:00,73407.83566363409
2022-09-01 00:00:00+00:00,72351.86795386118
2022-09-02 00:00:00+00:00,71712.0595061447
2022-09-05 00:00:00+00:00,71837.74698253331
2022-09-06 00:00:00+00:00,71201.57643902817
2022-09-07 00:00:00+00:00,72141.8688045123
2022-09-08 00:00:00+00:00,72420.91180641111
2022-09-09 00:00:00+00:00,73682.3865189616
2022-09-12 00:00:00+00:00,74347.40291842878
2022-09-13 00:00:00+00:00,70804.13694189453
2022-09-14 00:00:00+00:00,71288.76022921283
2022-09-15 00:00:00+00:00,70198.56280459784
2022-09-16 00:00:00+00:00,69811.20909960069
2022-09-19 00:00:00+00:00,70428.76967203084
2022-09-20 00:00:00+00:00,70121.7596749418
2022-09-21 00:00:00+00:00,69425.45632337643
2022-09-22 00:00:00+00:00,68355.7585165369
2022-09-23 00:00:00+00:00,67167.87936604512
2022-09-26 00:00:00+00:00,66630.81056865929
2022-09-27 00:00:00+00:00,66534.08673649783
2022-09-28 00:00:00+00:00,67132.70662200228
2022-09-29 00:00:00+00:00,65461.84382878029
2022-09-30 00:00:00+00:00,65172.09397208914
2022-10-03 00:00:00+00:00,66485.4896385968
2022-10-04 00:00:00+00:00,68824.92948187544
2022-10-05 00:00:00+00:00,68855.61885715547
2022-10-06 00:00:00+00:00,68401.55005009258
2022-10-07 00:00:00+00:00,65887.09177001819
2022-10-10 00:00:00+00:00,64978.505006684456
2022-10-11 00:00:00+00:00,64332.67774685178
2022-10-12 00:00:00+00:00,64435.347938145314
2022-10-13 00:00:00+00:00,65374.590867756626
2022-10-14 00:00:00+00:00,64143.842032619774
2022-10-17 00:00:00+00:00,66265.63410109366
2022-10-18 00:00:00+00:00,66672.54903505898
2022-10-19 00:00:00+00:00,66663.74075892537
2022-10-20 00:00:00+00:00,66698.31410307354
2022-10-21 00:00:00+00:00,67625.34813956755
2022-10-24 00:00:00+00:00,68547.37728259785
2022-10-25 00:00:00+00:00,69649.91852882454
2022-10-26 00:00:00+00:00,66937.14721465063
2022-10-27 00:00:00+00:00,66225.94946046457
2022-10-28 00:00:00+00:00,67929.75420570816
2022-10-31 00:00:00+00:00,67548.18205105676
2022-11-01 00:00:00+00:00,66656.88175679171
2022-11-02 00:00:00+00:00,65039.99539780474
2022-11-03 00:00:00+00:00,63987.220889602584
2022-11-04 00:00:00+00:00,65301.3148274765
2022-11-07 00:00:00+00:00,66059.35759497226
2022-11-08 00:00:00+00:00,66445.1682195377
2022-11-09 00:00:00+00:00,64788.643947958175
2022-11-10 00:00:00+00:00,69710.36442766727
2022-11-11 00:00:00+00:00,72285.84733599401
2022-11-14 00:00:00+00:00,71828.28175802257
2022-11-15 00:00:00+00:00,72763.38297399269
2022-11-16 00:00:00+00:00,72067.25916905454
2022-11-17 00:00:00+00:00,71544.81396938916
2022-11-18 00:00:00+00:00,71069.58322674199
2022-11-21 00:00:00+00:00,70253.70589716599
2022-11-22 00:00:00+00:00,71392.56537120788
2022-11-23 00:00:00+00:00,72300.39549879647
2022-11-24 00:00:00+00:00,72642.5795488382
2022-11-25 00:00:00+00:00,71950.36581677428
2022-11-28 00:00:00+00:00,70732.44216411393
2022-11-29 00:00:00+00:00,70094.90548863987
2022-11-30 00:00:00+00:00,73374.39949894453
2022-12-01 00:00:00+00:00,73671.88624200047
2022-12-02 00:00:00+00:00,73076.85426810903
2022-12-05 00:00:00+00:00,72364.58069706926
2022-12-06 00:00:00+00:00,70857.439503704
2022-12-07 00:00:00+00:00,70580.97895792325
2022-12-08 00:00:00+00:00,71870.58441817376
2022-12-09 00:00:00+00:00,71573.87001799888
2022-12-12 00:00:00+00:00,72764.57222801453
2022-12-13 00:00:00+00:00,73978.7473337494
2022-12-14 00:00:00+00:00,73520.08486153084
2022-12-15 00:00:00+00:00,71021.91183875129
2022-12-16 00:00:00+00:00,70389.98199527536
2022-12-19 00:00:00+00:00,69473.55864905892
2022-12-20 00:00:00+00:00,69288.19281710684
2022-12-21 00:00:00+00:00,69916.17850275345
2022-12-22 00:00:00+00:00,67896.55672158203
2022-12-23 00:00:00+00:00,67858.82600415876
2022-12-26 00:00:00+00:00,68277.34245527486
2022-12-27 00:00:00+00:00,66681.49799239665
2022-12-28 00:00:00+00:00,66027.34943607247
2022-12-29 00:00:00+00:00,67606.82815765889
2022-12-30 00:00:00+00:00,67385.84175480861
2023-01-02 00:00:00+00:00,67393.07929962456
2023-01-03 00:00:00+00:00,67190.82665707587
2023-01-04 00:00:00+00:00,66811.913167265
2023-01-05 00:00:00+00:00,65539.31311083894
2023-01-06 00:00:00+00:00,66723.13015834933
2023-01-09 00:00:00+00:00,67793.29478048731
2023-01-10 00:00:00+00:00,67974.88747003366
2023-01-11 00:00:00+00:00,69456.2561064013
2023-01-12 00:00:00+00:00,70110.298775342
2023-01-13 00:00:00+00:00,70912.6815938707
2023-01-16 00:00:00+00:00,70710.66171640772
2023-01-17 00:00:00+00:00,71683.35774194077
2023-01-18 00:00:00+00:00,71499.63060558194
2023-01-19 00:00:00+00:00,71028.73513356523
2023-01-20 00:00:00+00:00,73605.73788408571
2023-01-23 00:00:00+00:00,75622.7145098247
2023-01-24 00:00:00+00:00,75692.40100941603
2023-01-25 00:00:00+00:00,74762.43003037937
2023-01-26 00:00:00+00:00,76012.62081972869
2023-01-27 00:00:00+00:00,76686.45105813898
2023-01-30 00:00:00+00:00,74708.4133830098
2023-01-31 00:00:00+00:00,75578.45747295045
2023-02-01 00:00:00+00:00,77843.40264927909
2023-02-02 00:00:00+00:00,80401.6849073691
2023-02-03 00:00:00+00:00,79573.41551832091
2023-02-06 00:00:00+00:00,78939.95264058218
2023-02-07 00:00:00+00:00,81184.32559936427
2023-02-08 00:00:00+00:00,79777.13460421961
2023-02-09 00:00:00+00:00,79004.97202214297
2023-02-10 00:00:00+00:00,77917.97494547657
2023-02-13 00:00:00+00:00,78975.69592981711
2023-02-14 00:00:00+00:00,80364.68841790994
2023-02-15 00:00:00+00:00,80543.08343066758
2023-02-16 00:00:00+00:00,79027.43354980448
2023-02-17 00:00:00+00:00,77904.33290921067
2023-02-20 00:00:00+00:00,77699.67988281243
2023-02-21 00:00:00+00:00,76159.05915726366
2023-02-22 00:00:00+00:00,75873.23071458242
2023-02-23 00:00:00+00:00,78648.66307999814
2023-02-24 00:00:00+00:00,77391.47082160499
2023-02-27 00:00:00+00:00,77869.48767763693
2023-02-28 00:00:00+00:00,77677.47313944882
2023-03-01 00:00:00+00:00,76852.17041361779
2023-03-02 00:00:00+00:00,77688.12883750361
2023-03-03 00:00:00+00:00,79472.0536905301
2023-03-06 00:00:00+00:00,79625.13984157315
2023-03-07 00:00:00+00:00,78969.51362303113
2023-03-08 00:00:00+00:00,80033.54090923925
2023-03-09 00:00:00+00:00,78762.79078717229
2023-03-10 00:00:00+00:00,77191.69405865682
2023-03-13 00:00:00+00:00,77361.58814828293
2023-03-14 00:00:00+00:00,79258.89089903157
2023-03-15 00:00:00+00:00,79661.30598829886
2023-03-16 00:00:00+00:00,82385.27888722497
2023-03-17 00:00:00+00:00,83006.77280438364
2023-03-20 00:00:00+00:00,82826.44609208904
2023-03-21 00:00:00+00:00,84187.34434585762
2023-03-22 00:00:00+00:00,83957.16085860867
2023-03-23 00:00:00+00:00,85039.8144452509
2023-03-24 00:00:00+00:00,84699.9146078839
2023-03-27 00:00:00+00:00,83892.66062410538
2023-03-28 00:00:00+00:00,83626.78035708795
2023-03-29 00:00:00+00:00,84853.94440691176
2023-03-30 00:00:00+00:00,85478.17653911523
2023-03-31 00:00:00+00:00,86890.80766233415
2023-04-03 00:00:00+00:00,87164.28585224364
2023-04-04 00:00:00+00:00,86763.21004030204
2023-04-05 00:00:00+00:00,86372.74525707854
2023-04-06 00:00:00+00:00,87561.46854011458
2023-04-10 00:00:00+00:00,87520.1388456576
2023-04-11 00:00:00+00:00,86629.67838854397
2023-04-12 00:00:00+00:00,86003.3330890083
2023-04-13 00:00:00+00:00,87213.53687451158
2023-04-14 00:00:00+00:00,87582.6809181699
2023-04-17 00:00:00+00:00,87180.18432595377
2023-04-18 00:00:00+00:00,87576.41873122359
2023-04-19 00:00:00+00:00,88058.99010486738
2023-04-20 00:00:00+00:00,87317.52087259325
2023-04-21 00:00:00+00:00,87469.3915175382
2023-04-24 00:00:00+00:00,87502.10284470045
2023-04-25 00:00:00+00:00,85607.0145993482
2023-04-26 00:00:00+00:00,87137.35754545557
2023-04-27 00:00:00+00:00,88884.66617555892
2023-04-28 00:00:00+00:00,89343.86209757623
2023-05-01 00:00:00+00:00,90225.63209698134
2023-05-02 00:00:00+00:00,89295.06230416425
2023-05-03 00:00:00+00:00,88889.88234873685
2023-05-04 00:00:00+00:00,88967.0640808852
2023-05-05 00:00:00+00:00,89538.96993104968
2023-05-08 00:00:00+00:00,90505.35042645481
2023-05-09 00:00:00+00:00,89772.42546449052
2023-05-10 00:00:00+00:00,91258.59335114509
2023-05-11 00:00:00+00:00,91693.6676162121
2023-05-12 00:00:00+00:00,91566.87965890183
2023-05-15 00:00:00+00:00,92187.09343694155
2023-05-16 00:00:00+00:00,92681.9955428887
2023-05-17 00:00:00+00:00,93934.91516463197
2023-05-18 00:00:00+00:00,96209.79523376998
2023-05-19 00:00:00+00:00,95701.97638700237
2023-05-22 00:00:00+00:00,95812.54685925023
2023-05-23 00:00:00+00:00,94609.29758636952
2023-05-24 00:00:00+00:00,94025.82603001458
2023-05-25 00:00:00+00:00,102033.26922248583
2023-05-26 00:00:00+00:00,103875.00553951593
2023-05-29 00:00:00+00:00,104134.27511942424
2023-05-30 00:00:00+00:00,105324.89911177628
2023-05-31 00:00:00+00:00,102455.45950641509
2023-06-01 00:00:00+00:00,104820.49898470199
2023-06-02 00:00:00+00:00,104761.56658534092
2023-06-05 00:00:00+00:00,104765.87601368305
2023-06-06 00:00:00+00:00,104353.50049337675
2023-06-07 00:00:00+00:00,101925.20318370852
2023-06-08 00:00:00+00:00,103304.0252879328
2023-06-09 00:00:00+00:00,103619.41640282888
2023-06-12 00:00:00+00:00,104884.98184345054
2023-06-13 00:00:00+00:00,106532.33911307015
2023-06-14 00:00:00+00:00,108566.49597603278
2023-06-15 00:00:00+00:00,108635.58652122685
2023-06-16 00:00:00+00:00,108404.3544089337
2023-06-19 00:00:00+00:00,108422.78002524757
2023-06-20 00:00:00+00:00,109413.17552892544
2023-06-21 00:00:00+00:00,108423.75001916237
2023-06-22 00:00:00+00:00,109530.7029146739
2023-06-23 00:00:00+00:00,108399.12502928611
2023-06-26 00:00:00+00:00,105785.45536846957
2023-06-27 00:00:00+00:00,107766.63192608995
2023-06-28 00:00:00+00:00,107592.24700125007
2023-06-29 00:00:00+00:00,107077.33753304149
2023-06-30 00:00:00+00:00,109515.48066306491
2023-07-03 00:00:00+00:00,109728.42993488722
2023-07-04 00:00:00+00:00,109838.98041965411
2023-07-05 00:00:00+00:00,109228.10752285879
2023-07-06 00:00:00+00:00,108812.15330607293
2023-07-07 00:00:00+00:00,108831.7545308751
2023-07-10 00:00:00+00:00,107609.85285573218
2023-07-11 00:00:00+00:00,107910.0098174722
2023-07-12 00:00:00+00:00,109797.26540285662
2023-07-13 00:00:00+00:00,113155.83595130882
2023-07-14 00:00:00+00:00,112923.62387099795
2023-07-17 00:00:00+00:00,114388.38075062727
2023-07-18 00:00:00+00:00,115629.96858164469
2023-07-19 00:00:00+00:00,115168.03261803919
2023-07-20 00:00:00+00:00,112604.57186040882
2023-07-21 00:00:00+00:00,111184.81148597022
2023-07-24 00:00:00+00:00,111743.87301038089
2023-07-25 00:00:00+00:00,113382.43550130761
2023-07-26 00:00:00+00:00,113648.76221669755
2023-07-27 00:00:00+00:00,113606.86021857188
2023-07-28 00:00:00+00:00,115106.18582946844
2023-07-31 00:00:00+00:00,115253.06005435482
2023-08-01 00:00:00+00:00,114865.60675612417
2023-08-02 00:00:00+00:00,111278.30969217436
2023-08-03 00:00:00+00:00,111315.53469969043
2023-08-04 00:00:00+00:00,111897.57352792192
2023-08-07 00:00:00+00:00,113143.45949708432
2023-08-08 00:00:00+00:00,112154.89744357199
2023-08-09 00:00:00+00:00,109496.03635003055
2023-08-10 00:00:00+00:00,109192.52129462497
2023-08-11 00:00:00+00:00,107347.30510758741
2023-08-14 00:00:00+00:00,110682.87010024485
2023-08-15 00:00:00+00:00,110309.57131909122
2023-08-16 00:00:00+00:00,109402.0243130954
2023-08-17 00:00:00+00:00,109001.43105642252
2023-08-18 00:00:00+00:00,108501.44846916173
2023-08-21 00:00:00+00:00,112584.94923276776
2023-08-22 00:00:00+00:00,111368.07219409882
2023-08-23 00:00:00+00:00,113739.28108503812
2023-08-24 00:00:00+00:00,112646.36439355262
2023-08-25 00:00:00+00:00,111581.266687112
2023-08-28 00:00:00+00:00,112865.99239078541
2023-08-29 00:00:00+00:00,115923.893894053
2023-08-30 00:00:00+00:00,116644.68397141981
2023-08-31 00:00:00+00:00,116833.75075759247
2023-09-01 00:00:00+00:00,116084.27269780342
2023-09-04 00:00:00+00:00,116213.90909431581
2023-09-05 00:00:00+00:00,116250.30749066354
2023-09-06 00:00:00+00:00,114354.53933475763
2023-09-07 00:00:00+00:00,113613.66320983085
2023-09-08 00:00:00+00:00,113453.62073326179
2023-09-11 00:00:00+00:00,113706.50226145895
2023-09-12 00:00:00+00:00,112786.73435826239
2023-09-13 00:00:00+00:00,113906.1332454577
2023-09-14 00:00:00+00:00,114335.61995552978
2023-09-15 00:00:00+00:00,112265.36367875512
2023-09-18 00:00:00+00:00,112116.38283512347
2023-09-19 00:00:00+00:00,111559.00572678428
2023-09-20 00:00:00+00:00,108260.53208671365
2023-09-21 00:00:00+00:00,105979.51805163464
2023-09-22 00:00:00+00:00,106191.66258985308
2023-09-25 00:00:00+00:00,107150.47755868526
2023-09-26 00:00:00+00:00,105879.76907068564
2023-09-27 00:00:00+00:00,106499.4854343072
2023-09-28 00:00:00+00:00,107360.366307091
2023-09-29 00:00:00+00:00,107761.42889318465
2023-10-02 00:00:00+00:00,109953.45847967581
2023-10-03 00:00:00+00:00,107609.76971813844
2023-10-04 00:00:00+00:00,109171.6562428181
2023-10-05 00:00:00+00:00,109893.79948245136
2023-10-06 00:00:00+00:00,111782.4559795003
2023-10-09 00:00:00+00:00,111353.51425601012
2023-10-10 00:00:00+00:00,111935.84288464021
2023-10-11 00:00:00+00:00,113813.15014501166
2023-10-12 00:00:00+00:00,113910.24620412888
2023-10-13 00:00:00+00:00,111670.84156445944
2023-10-16 00:00:00+00:00,112762.87432001445
2023-10-17 00:00:00+00:00,110685.76079969021
2023-10-18 00:00:00+00:00,108099.45405789855
2023-10-19 00:00:00+00:00,107943.81068363965
2023-10-20 00:00:00+00:00,106569.2157544503
2023-10-23 00:00:00+00:00,108221.85958534805
2023-10-24 00:00:00+00:00,109403.42309820591
2023-10-25 00:00:00+00:00,105334.09453049784
2023-10-26 00:00:00+00:00,102272.08006577476
2023-10-27 00:00:00+00:00,103115.75887669378
2023-10-30 00:00:00+00:00,104929.33654052565
2023-10-31 00:00:00+00:00,104456.83655505277
2023-11-01 00:00:00+00:00,106939.28389942693
2023-11-02 00:00:00+00:00,108616.4065165128
2023-11-03 00:00:00+00:00,110537.98058001405
2023-11-06 00:00:00+00:00,111901.16820361918
2023-11-07 00:00:00+00:00,112544.33462790657
2023-11-08 00:00:00+00:00,113439.02430112222
2023-11-09 00:00:00+00:00,113326.95671897208
2023-11-10 00:00:00+00:00,115768.72032045851
2023-11-13 00:00:00+00:00,115713.9206503274
2023-11-14 00:00:00+00:00,117397.47163377117
2023-11-15 00:00:00+00:00,116836.62321383762
2023-11-16 00:00:00+00:00,118062.73230198435
2023-11-17 00:00:00+00:00,117563.24022344007
2023-11-20 00:00:00+00:00,119179.94048679527
2023-11-21 00:00:00+00:00,118678.01274289508
2023-11-22 00:00:00+00:00,117938.05215746444
2023-11-23 00:00:00+00:00,118053.21025122848
2023-11-24 00:00:00+00:00,116926.42515871752
2023-11-27 00:00:00+00:00,117435.38644196131
2023-11-28 00:00:00+00:00,117194.26032071668
2023-11-29 00:00:00+00:00,117395.27634997122
2023-11-30 00:00:00+00:00,115707.00458386255
2023-12-01 00:00:00+00:00,115559.45469547743
2023-12-04 00:00:00+00:00,114274.54152902923
2023-12-05 00:00:00+00:00,116191.66349666176
2023-12-06 00:00:00+00:00,114743.03263724386
2023-12-07 00:00:00+00:00,117129.53570193268
2023-12-08 00:00:00+00:00,118276.47998440171
2023-12-11 00:00:00+00:00,116821.23874224714
2023-12-12 00:00:00+00:00,117794.43131732756
2023-12-13 00:00:00+00:00,118439.97502139481
2023-12-14 00:00:00+00:00,118540.14666771359
2023-12-15 00:00:00+00:00,119516.61581337631
2023-12-18 00:00:00+00:00,121334.72143750203
2023-12-19 00:00:00+00:00,121003.49935369092
2023-12-20 00:00:00+00:00,119510.77883695964
2023-12-21 00:00:00+00:00,121243.96607703844
2023-12-22 00:00:00+00:00,120970.68801198718
2023-12-26 00:00:00+00:00,121546.27178604266
2023-12-27 00:00:00+00:00,121783.25364206472
2023-12-28 00:00:00+00:00,121956.30264713985
2023-12-29 00:00:00+00:00,121814.96968677905
2024-01-01 00:00:00+00:00,121668.22505169953
2024-01-02 00:00:00+00:00,119472.20721177067
2024-01-03 00:00:00+00:00,118464.14041796718
2024-01-04 00:00:00+00:00,118341.77666672862
2024-01-05 00:00:00+00:00,119225.01207239885
2024-01-08 00:00:00+00:00,123225.04086016477
2024-01-09 00:00:00+00:00,124372.09375480785
2024-01-10 00:00:00+00:00,126237.11435849925
2024-01-11 00:00:00+00:00,126695.85344315393
2024-01-12 00:00:00+00:00,126660.25269146952
2024-01-15 00:00:00+00:00,127076.1392067668
2024-01-16 00:00:00+00:00,128645.20254163517
2024-01-17 00:00:00+00:00,126151.39662367526
2024-01-18 00:00:00+00:00,127365.99407547036
2024-01-19 00:00:00+00:00,130348.79932252095
2024-01-22 00:00:00+00:00,130487.97289705573
2024-01-23 00:00:00+00:00,130496.09990911756
2024-01-24 00:00:00+00:00,132705.69732865927
2024-01-25 00:00:00+00:00,133223.07914579305
2024-01-26 00:00:00+00:00,132639.73973559693
2024-01-29 00:00:00+00:00,134770.62640328868
2024-01-30 00:00:00+00:00,134290.2762371234
2024-01-31 00:00:00+00:00,130969.59573329728
2024-02-01 00:00:00+00:00,133219.59710663906
2024-02-02 00:00:00+00:00,137144.52397948876
2024-02-05 00:00:00+00:00,140312.11231399188
2024-02-06 00:00:00+00:00,139271.78509567355
2024-02-07 00:00:00+00:00,141495.39241657007
2024-02-08 00:00:00+00:00,140637.65704942425
2024-02-09 00:00:00+00:00,144045.15409784944
2024-02-12 00:00:00+00:00,143402.67814757282
2024-02-13 00:00:00+00:00,142411.92550725062
2024-02-14 00:00:00+00:00,144333.40842837567
2024-02-15 00:00:00+00:00,142881.24715400834
2024-02-16 00:00:00+00:00,142426.19606245623
2024-02-19 00:00:00+00:00,142389.34482982845
2024-02-20 00:00:00+00:00,139591.65068984858
2024-02-21 00:00:00+00:00,137729.61280576748
2024-02-22 00:00:00+00:00,149452.67762208145
2024-02-23 00:00:00+00:00,149609.7282613821
2024-02-26 00:00:00+00:00,148850.94497522103
2024-02-27 00:00:00+00:00,148623.05140490265
2024-02-28 00:00:00+00:00,147021.28877710103
2024-02-29 00:00:00+00:00,149023.71274568368
2024-03-01 00:00:00+00:00,152437.2162894308
2024-03-04 00:00:00+00:00,154580.7894146397
2024-03-05 00:00:00+00:00,154475.1270919315
2024-03-06 00:00:00+00:00,156940.51652307968
2024-03-07 00:00:00+00:00,161748.95473919497
2024-03-08 00:00:00+00:00,156692.23955086048
2024-03-11 00:00:00+00:00,154877.44573416136
2024-03-12 00:00:00+00:00,162073.22501968194
2024-03-13 00:00:00+00:00,161189.37342062467
2024-03-14 00:00:00+00:00,159182.20658759552
2024-03-15 00:00:00+00:00,158236.07757253767
2024-03-18 00:00:00+00:00,159752.18432502457
2024-03-19 00:00:00+00:00,160980.34234727154
2024-03-20 00:00:00+00:00,162333.91521408074
2024-03-21 00:00:00+00:00,163151.4522295056
2024-03-22 00:00:00+00:00,166466.52072726915
2024-03-25 00:00:00+00:00,166875.17181455388
2024-03-26 00:00:00+00:00,164115.55595719002
2024-03-27 00:00:00+00:00,162323.7961592402
2024-03-28 00:00:00+00:00,162442.9314633516
2024-04-01 00:00:00+00:00,163446.30913385015
2024-04-02 00:00:00+00:00,162362.3766803511
2024-04-03 00:00:00+00:00,162070.15023201666
2024-04-04 00:00:00+00:00,158750.27334337097
2024-04-05 00:00:00+00:00,161972.9662240396
2024-04-08 00:00:00+00:00,161303.98860481477
2024-04-09 00:00:00+00:00,159944.86927824258
2024-04-10 00:00:00+00:00,161221.46314402096
2024-04-11 00:00:00+00:00,165955.45712838514
2024-04-12 00:00:00+00:00,162805.95099082805
2024-04-15 00:00:00+00:00,159308.56969963148
2024-04-16 00:00:00+00:00,160673.54745659686
2024-04-17 00:00:00+00:00,157177.3362251069
2024-04-18 00:00:00+00:00,157293.99686271316
2024-04-19 00:00:00+00:00,148538.58743785668
2024-04-22 00:00:00+00:00,152147.66640348567
2024-04-23 00:00:00+00:00,155644.833681151
2024-04-24 00:00:00+00:00,153071.7090036567
2024-04-25 00:00:00+00:00,155147.70272450623
2024-04-26 00:00:00+00:00,162952.05550251465
2024-04-29 00:00:00+00:00,162621.00255582746
2024-04-30 00:00:00+00:00,159772.9926041228
2024-05-01 00:00:00+00:00,156920.20224026567
2024-05-02 00:00:00+00:00,160852.90557014922
2024-05-03 00:00:00+00:00,164651.57459791756
2024-05-06 00:00:00+00:00,168407.77617265814
2024-05-07 00:00:00+00:00,166961.4640008032
2024-05-08 00:00:00+00:00,166262.73842103884
2024-05-09 00:00:00+00:00,164463.5680056536
2024-05-10 00:00:00+00:00,165153.21315207068
2024-05-13 00:00:00+00:00,166061.64729259294
2024-05-14 00:00:00+00:00,167432.7110513634
2024-05-15 00:00:00+00:00,170954.62982389552
2024-05-16 00:00:00+00:00,171006.99475381113
2024-05-17 00:00:00+00:00,169485.67613813333
2024-05-20 00:00:00+00:00,172045.5203035184
2024-05-21 00:00:00+00:00,172867.23995050188
2024-05-22 00:00:00+00:00,172198.85107043042
2024-05-23 00:00:00+00:00,180613.43550060713
2024-05-24 00:00:00+00:00,184042.21239495726
2024-05-27 00:00:00+00:00,184180.4021074741
2024-05-28 00:00:00+00:00,191901.37657245013
2024-05-29 00:00:00+00:00,192435.01909985865
2024-05-30 00:00:00+00:00,187154.14764767687
2024-05-31 00:00:00+00:00,186461.6944699539
2024-06-03 00:00:00+00:00,192595.74026907363
2024-06-04 00:00:00+00:00,193092.94883595878
2024-06-05 00:00:00+00:00,200633.35073319887
2024-06-06 00:00:00+00:00,199640.36008132267
2024-06-07 00:00:00+00:00,199468.64555695053
2024-06-10 00:00:00+00:00,200359.22398094178
2024-06-11 00:00:00+00:00,200675.40923067997
2024-06-12 00:00:00+00:00,205788.2533648315
2024-06-13 00:00:00+00:00,209804.8679043806
2024-06-14 00:00:00+00:00,212426.59205255233
2024-06-17 00:00:00+00:00,212018.66642974972
2024-06-18 00:00:00+00:00,216182.3182714504
2024-06-19 00:00:00+00:00,216841.02160384576
2024-06-20 00:00:00+00:00,212299.22816365914
2024-06-21 00:00:00+00:00,208694.53675643442
2024-06-24 00:00:00+00:00,200066.18775921903
2024-06-25 00:00:00+00:00,209384.49695937592
2024-06-26 00:00:00+00:00,210235.36762368042
2024-06-27 00:00:00+00:00,208291.8149294348
2024-06-28 00:00:00+00:00,206594.0097673279
2024-07-01 00:00:00+00:00,208609.22630652125
2024-07-02 00:00:00+00:00,208064.30740543435
2024-07-03 00:00:00+00:00,214205.95850587788
2024-07-04 00:00:00+00:00,213659.7801183113
2024-07-05 00:00:00+00:00,211446.0408071673
2024-07-08 00:00:00+00:00,213422.3643259422
2024-07-09 00:00:00+00:00,216447.8706334727
2024-07-10 00:00:00+00:00,220593.38695846492
2024-07-11 00:00:00+00:00,211364.01173941832
2024-07-12 00:00:00+00:00,213234.1418850715
2024-07-15 00:00:00+00:00,212751.29986554544
2024-07-16 00:00:00+00:00,210196.75002828252
2024-07-17 00:00:00+00:00,200656.05235621263
2024-07-18 00:00:00+00:00,202621.4878393032
2024-07-19 00:00:00+00:00,199244.7136141503
2024-07-22 00:00:00+00:00,205970.1301355268
2024-07-23 00:00:00+00:00,205063.92318621118
2024-07-24 00:00:00+00:00,194145.64344010397
2024-07-25 00:00:00+00:00,191181.88414945375
2024-07-26 00:00:00+00:00,192327.08928745042
2024-07-29 00:00:00+00:00,191139.648823703
2024-07-30 00:00:00+00:00,183383.76598900429
2024-07-31 00:00:00+00:00,197148.38025151056
2024-08-01 00:00:00+00:00,189153.32707016135
2024-08-02 00:00:00+00:00,185799.38144983785
2024-08-05 00:00:00+00:00,176029.37797655517
2024-08-06 00:00:00+00:00,179564.7542409304
2024-08-07 00:00:00+00:00,174785.7060813617
2024-08-08 00:00:00+00:00,181997.09902544558
2024-08-09 00:00:00+00:00,182430.26562546619
2024-08-12 00:00:00+00:00,186709.30501869702
2024-08-13 00:00:00+00:00,193931.6514580805
2024-08-14 00:00:00+00:00,195503.8446198307
2024-08-15 00:00:00+00:00,201121.86486012692
2024-08-16 00:00:00+00:00,203349.24126006968
2024-08-19 00:00:00+00:00,209402.67598310922
2024-08-20 00:00:00+00:00,206985.48961025578
2024-08-21 00:00:00+00:00,207936.8191674302
2024-08-22 00:00:00+00:00,202392.63488196893
2024-08-23 00:00:00+00:00,208386.16879641995
2024-08-26 00:00:00+00:00,205588.17313249657
2024-08-27 00:00:00+00:00,207105.1695903982
2024-08-28 00:00:00+00:00,203847.44670385352
2024-08-29 00:00:00+00:00,196065.1984172904
2024-08-30 00:00:00+00:00,198488.13179283365
2024-09-02 00:00:00+00:00,198357.17962513276
2024-09-03 00:00:00+00:00,185634.98142750154
2024-09-04 00:00:00+00:00,183492.2359901586
2024-09-05 00:00:00+00:00,184981.65307562533
2024-09-06 00:00:00+00:00,178968.60128793886
2024-09-09 00:00:00+00:00,182775.17747038958
2024-09-10 00:00:00+00:00,184895.30727831429
2024-09-11 00:00:00+00:00,194625.72088226193
2024-09-12 00:00:00+00:00,197902.31213817408
2024-09-13 00:00:00+00:00,198298.48999263174
2024-09-16 00:00:00+00:00,195725.3456901266
2024-09-17 00:00:00+00:00,194942.05306370222
2024-09-18 00:00:00+00:00,193198.9674678729
2024-09-19 00:00:00+00:00,199069.2906838529
2024-09-20 00:00:00+00:00,197799.7194354993
2024-09-23 00:00:00+00:00,198049.6326707411
2024-09-24 00:00:00+00:00,202734.8767724994
2024-09-25 00:00:00+00:00,205348.31397927043
2024-09-26 00:00:00+00:00,206063.3656688004
2024-09-27 00:00:00+00:00,202926.25130951352
2024-09-30 00:00:00+00:00,203215.17971533828
2024-10-01 00:00:00+00:00,198142.71516431478
2024-10-02 00:00:00+00:00,199732.66498230677
2024-10-03 00:00:00+00:00,202891.9593006755
2024-10-04 00:00:00+00:00,205113.45823906397
2024-10-07 00:00:00+00:00,206004.34859183343
2024-10-08 00:00:00+00:00,212275.5746341144
2024-10-09 00:00:00+00:00,211886.40233531344
2024-10-10 00:00:00+00:00,214464.0195112769
2024-10-11 00:00:00+00:00,214523.86130534587
2024-10-14 00:00:00+00:00,218721.41358093265
2024-10-15 00:00:00+00:00,212430.68466486895
2024-10-16 00:00:00+00:00,216460.4295765002
2024-10-17 00:00:00+00:00,217083.0255514389
2024-10-18 00:00:00+00:00,218616.1061151578
2024-10-21 00:00:00+00:00,225113.9555747546
2024-10-22 00:00:00+00:00,225219.4936727906
2024-10-23 00:00:00+00:00,220499.84975406114
2024-10-24 00:00:00+00:00,221611.89110325644
2024-10-25 00:00:00+00:00,223240.23866354505
2024-10-28 00:00:00+00:00,222398.87200721615
2024-10-29 00:00:00+00:00,224084.66790805547
2024-10-30 00:00:00+00:00,222547.34434217293
2024-10-31 00:00:00+00:00,214162.40269484022
2024-11-01 00:00:00+00:00,217469.57208117453
2024-11-04 00:00:00+00:00,217296.1861483642
2024-11-05 00:00:00+00:00,222172.48058180825
2024-11-06 00:00:00+00:00,229415.00414201472
2024-11-07 00:00:00+00:00,233734.29755625117
2024-11-08 00:00:00+00:00,232037.59459427663
2024-11-11 00:00:00+00:00,229744.9879610266
2024-11-12 00:00:00+00:00,232576.39262732776
2024-11-13 00:00:00+00:00,230119.87943774695
2024-11-14 00:00:00+00:00,230369.79040366886
2024-11-15 00:00:00+00:00,224130.1319812696
2024-11-18 00:00:00+00:00,222992.85364561906
2024-11-19 00:00:00+00:00,230948.90979779162
2024-11-20 00:00:00+00:00,229407.55112987533
2024-11-21 00:00:00+00:00,228650.08984173104
2024-11-22 00:00:00+00:00,223734.67597835284
2024-11-25 00:00:00+00:00,219225.98638313013
2024-11-26 00:00:00+00:00,221095.79708433404
2024-11-27 00:00:00+00:00,219608.45296567207
2024-11-28 00:00:00+00:00,219356.42093057965
2024-11-29 00:00:00+00:00,222526.35069893993
2024-12-02 00:00:00+00:00,223883.33987427191
2024-12-03 00:00:00+00:00,226105.26813269715
2024-12-04 00:00:00+00:00,232311.0405954179
2024-12-05 00:00:00+00:00,232364.32753574877
2024-12-06 00:00:00+00:00,230307.7617364255
2024-12-09 00:00:00+00:00,227202.45368442993
2024-12-10 00:00:00+00:00,224718.34952403186
2024-12-11 00:00:00+00:00,230691.70489347618
2024-12-12 00:00:00+00:00,228226.53028027245
2024-12-13 00:00:00+00:00,224870.58698867823
2024-12-16 00:00:00+00:00,224096.85646775019
2024-12-17 00:00:00+00:00,222017.1241961489
2024-12-18 00:00:00+00:00,217845.88492647704
2024-12-19 00:00:00+00:00,219644.96735896677
2024-12-20 00:00:00+00:00,224100.3451698951
2024-12-23 00:00:00+00:00,229893.53426554133
2024-12-24 00:00:00+00:00,231124.32146391776
2024-12-26 00:00:00+00:00,230559.63550942275
2024-12-27 00:00:00+00:00,226749.78055279006
2024-12-30 00:00:00+00:00,226250.0672828118
2024-12-31 00:00:00+00:00,222419.4843906114
2025-01-01 00:00:00+00:00,222549.77786943896
2025-01-02 00:00:00+00:00,226316.84336282517
2025-01-03 00:00:00+00:00,232539.8662083867
2025-01-06 00:00:00+00:00,238096.56891689933
2025-01-07 00:00:00+00:00,228051.95334861096
2025-01-08 00:00:00+00:00,227651.79132958507
2025-01-09 00:00:00+00:00,227303.02681704256
2025-01-10 00:00:00+00:00,222034.8092486269
2025-01-13 00:00:00+00:00,218667.2683536564
2025-01-14 00:00:00+00:00,217076.21940342494
2025-01-15 00:00:00+00:00,223202.05065679207
2025-01-16 00:00:00+00:00,219559.53384647646
2025-01-17 00:00:00+00:00,224445.05752885924
2025-01-20 00:00:00+00:00,224635.8909413825
2025-01-21 00:00:00+00:00,227770.4697642195
2025-01-22 00:00:00+00:00,235187.27826907623
2025-01-23 00:00:00+00:00,235297.69325891053
2025-01-24 00:00:00+00:00,230664.08014218783
2025-01-27 00:00:00+00:00,205278.03482117277
2025-01-28 00:00:00+00:00,217820.63769110508
2025-01-29 00:00:00+00:00,212509.44023153884
2025-01-30 00:00:00+00:00,213339.0806429559
2025-01-31 00:00:00+00:00,209400.5358673407
2025-02-01 00:00:00+00:00,209297.88000970488
2025-02-03 00:00:00+00:00,204768.37916637328
2025-02-04 00:00:00+00:00,208604.1561040579
2025-02-05 00:00:00+00:00,212569.47076198092
2025-02-06 00:00:00+00:00,216793.74710193984
2025-02-07 00:00:00+00:00,215882.98872692813
2025-02-10 00:00:00+00:00,219839.18564526824
2025-02-11 00:00:00+00:00,218952.24738271398
2025-02-12 00:00:00+00:00,217071.1537955882
2025-02-13 00:00:00+00:00,221819.04129840547
2025-02-14 00:00:00+00:00,225208.18356526745
2025-02-17 00:00:00+00:00,225504.30437780355
2025-02-18 00:00:00+00:00,225835.58715281764
2025-02-19 00:00:00+00:00,226101.84849735792
2025-02-20 00:00:00+00:00,226225.93572048214
2025-02-21 00:00:00+00:00,219342.22633322683
2025-02-24 00:00:00+00:00,214681.95812125562
2025-02-25 00:00:00+00:00,210407.1653249623
2025-02-26 00:00:00+00:00,214446.046556143
2025-02-27 00:00:00+00:00,202306.35537636437
2025-02-28 00:00:00+00:00,208310.33461265892
2025-03-03 00:00:00+00:00,195747.5897818241
2025-03-04 00:00:00+00:00,198137.00021873333
2025-03-05 00:00:00+00:00,200096.08210398763
2025-03-06 00:00:00+00:00,192721.06742856826
2025-03-07 00:00:00+00:00,195028.6240363778
2025-03-10 00:00:00+00:00,186910.38618047882
2025-03-11 00:00:00+00:00,188168.63427186987
2025-03-12 00:00:00+00:00,195888.78065502865
2025-03-13 00:00:00+00:00,194240.58327332998
2025-03-14 00:00:00+00:00,201422.7342159488
2025-03-17 00:00:00+00:00,199078.32692230245
2025-03-18 00:00:00+00:00,194097.38593038713
2025-03-19 00:00:00+00:00,197494.84948304165
2025-03-20 00:00:00+00:00,198548.32520460128
2025-03-21 00:00:00+00:00,198341.9523730579
2025-03-24 00:00:00+00:00,203539.5167467667
2025-03-25 00:00:00+00:00,203873.81229719747
2025-03-26 00:00:00+00:00,195471.10422172444
2025-03-27 00:00:00+00:00,193168.08463071182
2025-03-28 00:00:00+00:00,189175.72303537355
2025-03-31 00:00:00+00:00,187919.84140312046
2025-04-01 00:00:00+00:00,189597.12816303794
2025-04-02 00:00:00+00:00,190506.537520084
2025-04-03 00:00:00+00:00,178582.52494972455
2025-04-04 00:00:00+00:00,169066.86972029269
2025-04-07 00:00:00+00:00,171568.37653169318
2025-04-08 00:00:00+00:00,169236.4785357955
2025-04-09 00:00:00+00:00,192796.91413665362
2025-04-10 00:00:00+00:00,183935.6084273824
2025-04-11 00:00:00+00:00,189278.47231495104
2025-04-14 00:00:00+00:00,189385.17583883862
2025-04-15 00:00:00+00:00,191022.29901053413
2025-04-16 00:00:00+00:00,181941.74324969033
2025-04-17 00:00:00+00:00,178965.72767528993
2025-04-21 00:00:00+00:00,173412.19065290774
2025-04-22 00:00:00+00:00,177299.1974800987
2025-04-23 00:00:00+00:00,182070.16693264685
2025-04-24 00:00:00+00:00,187165.25448898243
2025-04-25 00:00:00+00:00,192352.52987831418
2025-04-28 00:00:00+00:00,189964.85483193383
2025-04-29 00:00:00+00:00,190168.20874923636
2025-04-30 00:00:00+00:00,190027.249794642
2025-05-01 00:00:00+00:00,194335.91258827096
2025-05-02 00:00:00+00:00,197394.42424509695
2025-05-05 00:00:00+00:00,196396.72340578813
2025-05-06 00:00:00+00:00,195730.59285174025
2025-05-07 00:00:00+00:00,197878.96665813436
2025-05-08 00:00:00+00:00,198772.57876853808
2025-05-09 00:00:00+00:00,197465.1568252609
2025-05-12 00:00:00+00:00,207368.0895896916
2025-05-13 00:00:00+00:00,214236.6676902264
2025-05-14 00:00:00+00:00,220287.39824874257
2025-05-15 00:00:00+00:00,219549.5067063747
2025-05-16 00:00:00+00:00,220484.91902797786
2025-05-19 00:00:00+00:00,220789.78101392943
2025-05-20 00:00:00+00:00,218689.15779419302
2025-05-21 00:00:00+00:00,216305.41576861514
2025-05-22 00:00:00+00:00,217703.6011381054
2025-05-23 00:00:00+00:00,215420.80453237606
2025-05-26 00:00:00+00:00,215507.66631607502
2025-05-27 00:00:00+00:00,221009.45423289205
2025-05-28 00:00:00+00:00,220046.65657681655
2025-05-29 00:00:00+00:00,224463.86028020998
2025-05-30 00:00:00+00:00,220691.76348962323
2025-06-02 00:00:00+00:00,222581.4863538791
2025-06-03 00:00:00+00:00,225975.19294576248
2025-06-04 00:00:00+00:00,227240.15721086488
2025-06-05 00:00:00+00:00,225483.93896958133
2025-06-06 00:00:00+00:00,228938.06029019656
2025-06-09 00:00:00+00:00,230314.67874122295
2025-06-10 00:00:00+00:00,231855.91128111462
2025-06-11 00:00:00+00:00,229940.1867052547
2025-06-12 00:00:00+00:00,231993.8703112388
2025-06-13 00:00:00+00:00,228159.61992417066
2025-06-16 00:00:00+00:00,231860.47409034002
2025-06-17 00:00:00+00:00,230842.5968279065
2025-06-18 00:00:00+00:00,231873.34093667264
2025-06-19 00:00:00+00:00,231891.76655298655
2025-06-20 00:00:00+00:00,229725.74916662395
2025-06-23 00:00:00+00:00,229842.70727725717
2025-06-24 00:00:00+00:00,234249.36312967035
2025-06-25 00:00:00+00:00,241514.94132572843
2025-06-26 00:00:00+00:00,243589.1209930499
2025-06-27 00:00:00+00:00,247227.61004246367
2025-06-30 00:00:00+00:00,247012.20616951582
2025-07-01 00:00:00+00:00,242475.02257556812
2025-07-02 00:00:00+00:00,246645.3462435318
2025-07-03 00:00:00+00:00,249361.4980793742
2025-07-04 00:00:00+00:00,249390.45307831268
2025-07-07 00:00:00+00:00,247664.19258735987
2025-07-08 00:00:00+00:00,248995.4238543915
2025-07-09 00:00:00+00:00,252759.10192379152
2025-07-10 00:00:00+00:00,254039.0396920349
2025-07-11 00:00:00+00:00,255062.37833712256
2025-07-14 00:00:00+00:00,254286.3683404524
2025-07-15 00:00:00+00:00,261264.22802234828
2025-07-16 00:00:00+00:00,261942.1382142185
2025-07-17 00:00:00+00:00,263740.45384157466
2025-07-18 00:00:00+00:00,263115.2092745683
2025-07-21 00:00:00+00:00,263609.5497214132
2025-07-22 00:00:00+00:00,259389.92800521723
2025-07-23 00:00:00+00:00,263250.42892248696
2025-07-24 00:00:00+00:00,266692.67203466914
2025-07-25 00:00:00+00:00,266511.37881363055
2025-07-28 00:00:00+00:00,269769.30456330406
2025-07-29 00:00:00+00:00,268888.8501665795
2025-07-30 00:00:00+00:00,272646.54734303744
2025-07-31 00:00:00+00:00,271267.4339727114
2025-08-01 00:00:00+00:00,264971.2778996978
2025-08-04 00:00:00+00:00,271991.22802097036
2025-08-05 00:00:00+00:00,269881.5702438859
2025-08-06 00:00:00+00:00,272320.0695978643
2025-08-07 00:00:00+00:00,274155.041916796
2025-08-08 00:00:00+00:00,276992.30782351224
2025-08-11 00:00:00+00:00,276373.67663062
2025-08-12 00:00:00+00:00,277822.63954637654
2025-08-13 00:00:00+00:00,276330.2789936271
2025-08-14 00:00:00+00:00,277439.1662098248
2025-08-15 00:00:00+00:00,275876.43276824
2025-08-18 00:00:00+00:00,277436.32563192426
2025-08-19 00:00:00+00:00,270219.86606520874
2025-08-20 00:00:00+00:00,269014.8506071281
2025-08-21 00:00:00+00:00,268480.98500785
2025-08-22 00:00:00+00:00,272654.14366238436
2025-08-25 00:00:00+00:00,274616.796418147
2025-08-26 00:00:00+00:00,276252.021531223
2025-08-27 00:00:00+00:00,276358.8995615745
2025-08-28 00:00:00+00:00,275443.7404270733
2025-08-29 00:00:00+00:00,269226.0052282011
2025-09-01 00:00:00+00:00,269199.6833781979
2025-09-02 00:00:00+00:00,265042.9565993639
2025-09-03 00:00:00+00:00,268334.86151805246
2025-09-04 00:00:00+00:00,270494.7879051496
2025-09-05 00:00:00+00:00,265713.4674047138
2025-09-08 00:00:00+00:00,267136.4215891815
2025-09-09 00:00:00+00:00,270278.45455354225
2025-09-10 00:00:00+00:00,275957.35624659684
2025-09-11 00:00:00+00:00,276188.3639349913
2025-09-12 00:00:00+00:00,277263.8218578931
2025-09-15 00:00:00+00:00,279178.72349191667
2025-09-16 00:00:00+00:00,276297.5419653296
2025-09-17 00:00:00+00:00,271424.74025319534
2025-09-18 00:00:00+00:00,277838.6737481577
2025-09-19 00:00:00+00:00,279091.3020179202
2025-09-22 00:00:00+00:00,285881.6651275101
2025-09-23 00:00:00+00:00,279765.5229057504
2025-09-24 00:00:00+00:00,277407.6948957385
2025-09-25 00:00:00+00:00,277943.440814287
2025-09-26 00:00:00+00:00,278569.0667756546
2025-09-29 00:00:00+00:00,282186.55462039914
2025-09-30 00:00:00+00:00,286743.42042163305
2025-10-01 00:00:00+00:00,288183.9815155428
2025-10-02 00:00:00+00:00,290014.4836488476
2025-10-03 00:00:00+00:00,288626.859680758
2025-10-06 00:00:00+00:00,287818.08828109514
2025-10-07 00:00:00+00:00,286817.1205401643
2025-10-08 00:00:00+00:00,290928.17468473315
2025-10-09 00:00:00+00:00,293759.76372505265
2025-10-10 00:00:00+00:00,282312.5826762413
2025-10-13 00:00:00+00:00,288835.5288549289
2025-10-14 00:00:00+00:00,280537.8406080286
2025-10-15 00:00:00+00:00,281171.2565784599
2025-10-16 00:00:00+00:00,283403.632228771
2025-10-17 00:00:00+00:00,285518.47033288307
2025-10-20 00:00:00+00:00,286244.0650184403
2025-10-21 00:00:00+00:00,284435.80122376466
2025-10-22 00:00:00+00:00,283338.2517320938
2025-10-23 00:00:00+00:00,285678.34159794764
2025-10-24 00:00:00+00:00,290787.76583003806
2025-10-27 00:00:00+00:00,298229.7002907852
2025-10-28 00:00:00+00:00,307958.2723590602
2025-10-29 00:00:00+00:00,315121.2199044802
2025-10-30 00:00:00+00:00,310870.8337554158
2025-10-31 00:00:00+00:00,311106.2569644402
2025-11-03 00:00:00+00:00,316446.53431057057
2025-11-04 00:00:00+00:00,306941.2831508604
2025-11-05 00:00:00+00:00,304252.05904581427
2025-11-06 00:00:00+00:00,296454.5678848687
2025-11-07 00:00:00+00:00,295646.4291856617
2025-11-10 00:00:00+00:00,308676.2627888063
2025-11-11 00:00:00+00:00,303607.24918639247
2025-11-12 00:00:00+00:00,303240.3883610266
2025-11-13 00:00:00+00:00,294478.866092074
2025-11-14 00:00:00+00:00,297561.8252635473
2025-11-17 00:00:00+00:00,294917.6379059068
2025-11-18 00:00:00+00:00,288472.7140139381
2025-11-19 00:00:00+00:00,294715.69770193426
2025-11-20 00:00:00+00:00,288058.7179930589
2025-11-21 00:00:00+00:00,287737.6001581104
2025-11-24 00:00:00+00:00,294659.2149525851
2025-11-25 00:00:00+00:00,290718.44327563327
2025-11-26 00:00:00+00:00,293294.51859221736
2025-11-27 00:00:00+00:00,293441.92030961206
2025-11-28 00:00:00+00:00,290680.8887212767
2025-12-01 00:00:00+00:00,292829.49550586106
2025-12-02 00:00:00+00:00,294465.30682645325
2025-12-03 00:00:00+00:00,292813.04225719144
2025-12-04 00:00:00+00:00,295935.16413808137
2025-12-05 00:00:00+00:00,295621.5624860996
2025-12-08 00:00:00+00:00,297733.2233525295
2025-12-09 00:00:00+00:00,297512.4011207982
2025-12-10 00:00:00+00:00,296479.1166410729
2025-12-11 00:00:00+00:00,292861.2170127308
2025-12-12 00:00:00+00:00,286199.5754508774
2025-12-15 00:00:00+00:00,286620.59371758654
2025-12-16 00:00:00+00:00,287845.42523352883
2025-12-17 00:00:00+00:00,279226.8897770686
2025-12-18 00:00:00+00:00,283668.82409475424
2025-12-19 00:00:00+00:00,291466.1874863602
2025-12-22 00:00:00+00:00,294459.80698847317
2025-12-23 00:00:00+00:00,301174.02388039936
2025-12-24 00:00:00+00:00,300685.0586705806
2025-12-26 00:00:00+00:00,302359.52740478126
2025-12-29 00:00:00+00:00,300030.32724098826
2025-12-30 00:00:00+00:00,299372.9814910321
2025-12-31 00:00:00+00:00,297945.1244200254
