timestamp,equity,drawdown_pct
2022-01-03 00:00:00+00:00,99940.00349814954,0.0
2022-01-04 00:00:00+00:00,100560.37546222818,0.0
2022-01-05 00:00:00+00:00,97484.89856989298,-3.058338712637765
2022-01-06 00:00:00+00:00,98052.56742221166,-2.4938332106352212
2022-01-07 00:00:00+00:00,97733.57738329456,-2.811045668773793
2022-01-10 00:00:00+00:00,97880.39963673922,-2.665041586380701
2022-01-11 00:00:00+00:00,97959.40528079223,-2.5864762034554234
2022-01-12 00:00:00+00:00,98166.10397217686,-2.380929346222105
2022-01-13 00:00:00+00:00,98408.72764841239,-2.139657697105546
2022-01-14 00:00:00+00:00,99078.27656017727,-1.473839865094384
2022-01-17 00:00:00+00:00,99184.82823026566,-1.367881957122563
2022-01-18 00:00:00+00:00,98676.59810765847,-1.8732799533721756
2022-01-19 00:00:00+00:00,97200.8527967905,-3.3408016328455026
2022-01-20 00:00:00+00:00,95457.65568840971,-5.074284727322964
2022-01-21 00:00:00+00:00,93577.03894626966,-6.9444216808652985
2022-01-24 00:00:00+00:00,93187.01904033698,-7.332268190128966
2022-01-25 00:00:00+00:00,94358.72063967439,-6.167095930228728
2022-01-26 00:00:00+00:00,94782.40349537606,-5.745774058910924
2022-01-27 00:00:00+00:00,95628.99024786276,-4.903904934421921
2022-01-28 00:00:00+00:00,96342.90924600622,-4.193964269560723
2022-01-31 00:00:00+00:00,93864.87410505691,-6.658190491428895
2022-02-01 00:00:00+00:00,93549.30516065723,-6.972000919193477
2022-02-02 00:00:00+00:00,95576.13362249272,-4.956467014791144
2022-02-03 00:00:00+00:00,94440.12617671501,-6.08614402778559
2022-02-04 00:00:00+00:00,96090.47040250635,-4.44499639065169
2022-02-07 00:00:00+00:00,95946.18750917757,-4.5884752635830806
2022-02-08 00:00:00+00:00,96107.61829435818,-4.427944055899546
2022-02-09 00:00:00+00:00,96515.88991363661,-4.02194754146551
2022-02-10 00:00:00+00:00,97917.56789613694,-2.6280804481322972
2022-02-11 00:00:00+00:00,95295.66376410249,-5.235373947169874
2022-02-14 00:00:00+00:00,95946.5380837221,-4.588126642624857
2022-02-15 00:00:00+00:00,98904.51309928374,-1.6466350243157235
2022-02-16 00:00:00+00:00,98926.6207507817,-1.6246505683147006
2022-02-17 00:00:00+00:00,96609.0415430264,-3.9293150020963896
2022-02-18 00:00:00+00:00,95003.32835127777,-5.526080312854154
2022-02-21 00:00:00+00:00,95003.32835127777,-5.526080312854154
2022-02-22 00:00:00+00:00,94298.00881013901,-6.227469441421684
2022-02-23 00:00:00+00:00,91997.88080691286,-8.514779917992165
2022-02-24 00:00:00+00:00,95103.47759972954,-5.426489148848024
2022-02-25 00:00:00+00:00,94510.92271374085,-6.0157420064124505
2022-02-28 00:00:00+00:00,94106.31627025848,-6.4180937693435025
2022-03-01 00:00:00+00:00,93872.85087523774,-6.650258172019619
2022-03-02 00:00:00+00:00,94318.9935951181,-6.206601594734929
2022-03-03 00:00:00+00:00,94399.68904445799,-6.126355823009266
2022-03-04 00:00:00+00:00,92627.10602415315,-7.88906107560714
2022-03-07 00:00:00+00:00,88345.72538733477,-12.146583600894967
2022-03-08 00:00:00+00:00,88295.4401620265,-12.196588610400083
2022-03-09 00:00:00+00:00,88268.83701241246,-12.223043513230103
2022-03-10 00:00:00+00:00,89292.3735987653,-11.205210612698323
2022-03-11 00:00:00+00:00,88277.02703892108,-12.214899125869804
2022-03-14 00:00:00+00:00,87015.71136519415,-13.469186083261587
2022-03-15 00:00:00+00:00,90141.84115008109,-10.36047674271109
2022-03-16 00:00:00+00:00,87554.6346868233,-12.933265926687021
2022-03-17 00:00:00+00:00,86980.92201474885,-13.503781569093242
2022-03-18 00:00:00+00:00,88639.88387359682,-11.854064320900292
2022-03-21 00:00:00+00:00,88403.5787316012,-12.089052645983045
2022-03-22 00:00:00+00:00,89488.24647805217,-11.010429240426667
2022-03-23 00:00:00+00:00,89618.94875720031,-10.880455303329306
2022-03-24 00:00:00+00:00,92886.07433657734,-7.631535871237293
2022-03-25 00:00:00+00:00,93280.87807100173,-7.23893219149796
2022-03-28 00:00:00+00:00,93271.6549636969,-7.248103902783287
2022-03-29 00:00:00+00:00,92897.79574387622,-7.619879781803451
2022-03-30 00:00:00+00:00,93567.45647186389,-6.953950756668492
2022-03-31 00:00:00+00:00,94118.65117240557,-6.405827603778391
2022-04-01 00:00:00+00:00,93767.6740680633,-6.754848878538966
2022-04-04 00:00:00+00:00,94284.24870235367,-6.241152870627376
2022-04-05 00:00:00+00:00,92708.98467356792,-7.807638697221608
2022-04-06 00:00:00+00:00,90945.47788517705,-9.561318295457855
2022-04-07 00:00:00+00:00,90259.42966350651,-10.24354349451574
2022-04-08 00:00:00+00:00,88300.08497139686,-12.191969684357884
2022-04-11 00:00:00+00:00,85372.4085911332,-15.103331507348827
2022-04-12 00:00:00+00:00,84731.6614980129,-15.740508019643151
2022-04-13 00:00:00+00:00,85018.4145559445,-15.455352901025565
2022-04-14 00:00:00+00:00,85781.50181736759,-14.696517964386214
2022-04-18 00:00:00+00:00,85683.06280040204,-14.794408427218197
2022-04-19 00:00:00+00:00,84828.57359882533,-15.64413596418196
2022-04-20 00:00:00+00:00,85428.5250637678,-15.047527745303723
2022-04-21 00:00:00+00:00,83351.12495771363,-17.113351482044315
2022-04-22 00:00:00+00:00,80957.55849083266,-19.493579733857104
2022-04-25 00:00:00+00:00,81737.39916464422,-18.718084743681306
2022-04-26 00:00:00+00:00,83562.96791003027,-16.90268903041473
2022-04-27 00:00:00+00:00,84001.36123071033,-16.46673866858983
2022-04-28 00:00:00+00:00,83031.76641009316,-17.430930395361344
2022-04-29 00:00:00+00:00,87047.73647759271,-13.437339431684004
2022-05-02 00:00:00+00:00,88884.12790723762,-11.611181343864729
2022-05-03 00:00:00+00:00,88733.30578720618,-11.76116300347786
2022-05-04 00:00:00+00:00,88319.72468945845,-12.17243940916617
2022-05-05 00:00:00+00:00,88658.63418535837,-11.835418495767513
2022-05-06 00:00:00+00:00,87601.58868101516,-12.886573584921146
2022-05-09 00:00:00+00:00,86824.75435257691,-13.65907898266604
2022-05-10 00:00:00+00:00,88265.52843387432,-12.226333654623211
2022-05-11 00:00:00+00:00,89364.51010570889,-11.133476088426708
2022-05-12 00:00:00+00:00,88171.81853709384,-12.319521350422614
2022-05-13 00:00:00+00:00,89196.876438646,-11.300175612262375
2022-05-16 00:00:00+00:00,90264.95644127413,-10.238047514869464
2022-05-17 00:00:00+00:00,92647.95665595094,-7.868326634529376
2022-05-18 00:00:00+00:00,93948.48602594264,-6.575044500275418
2022-05-19 00:00:00+00:00,93668.16251239405,-6.853805903323174
2022-05-20 00:00:00+00:00,94597.46032971489,-5.929686623687125
2022-05-23 00:00:00+00:00,94950.76463121282,-5.578351120141168
2022-05-24 00:00:00+00:00,96840.092557691,-3.699551525575373
2022-05-25 00:00:00+00:00,98525.95916850994,-2.0230794528829033
2022-05-26 00:00:00+00:00,97621.68932788484,-2.9223102249127497
2022-05-27 00:00:00+00:00,96123.04386335512,-4.412604446310741
2022-05-30 00:00:00+00:00,96056.16616056906,-4.479109471255871
2022-05-31 00:00:00+00:00,95925.51380334151,-4.609033764623904
2022-06-01 00:00:00+00:00,96019.41738986316,-4.515653458424762
2022-06-02 00:00:00+00:00,99021.92606449431,-1.529876346087966
2022-06-03 00:00:00+00:00,98831.74870053977,-1.7189939414433808
2022-06-06 00:00:00+00:00,98548.38490008487,-2.000778689314897
2022-06-07 00:00:00+00:00,98763.97192296955,-1.7863930310536569
2022-06-08 00:00:00+00:00,98111.71408666372,-2.435016142600044
2022-06-09 00:00:00+00:00,97118.91819496121,-3.4222796518491805
2022-06-10 00:00:00+00:00,93857.03767549343,-6.6659832522727775
2022-06-13 00:00:00+00:00,89652.69711796472,-10.846895006234869
2022-06-14 00:00:00+00:00,89794.56398415616,-10.705818697063041
2022-06-15 00:00:00+00:00,91051.1834554758,-9.456201772361295
2022-06-16 00:00:00+00:00,91863.46851925903,-8.648443189470623
2022-06-17 00:00:00+00:00,92789.41350635292,-7.727658056322728
2022-06-20 00:00:00+00:00,93213.73996273584,-7.3056961708062085
2022-06-21 00:00:00+00:00,92675.153640462,-7.841281205963657
2022-06-22 00:00:00+00:00,92889.9100069071,-7.627721575286095
2022-06-23 00:00:00+00:00,92900.67027961108,-7.617021264498158
2022-06-24 00:00:00+00:00,94190.37018423795,-6.334508248114979
2022-06-27 00:00:00+00:00,93872.08944202164,-6.651015362128154
2022-06-28 00:00:00+00:00,90578.85360089157,-9.925899555820383
2022-06-29 00:00:00+00:00,90016.09430459866,-10.485522860433328
2022-06-30 00:00:00+00:00,88772.61291237449,-11.72207491834727
2022-07-01 00:00:00+00:00,88850.1876207093,-11.64493249721148
2022-07-04 00:00:00+00:00,88836.85787020033,-11.658187967318568
2022-07-05 00:00:00+00:00,89202.97339897725,-11.294112627410513
2022-07-06 00:00:00+00:00,88553.01217613592,-11.940451923434193
2022-07-07 00:00:00+00:00,88513.16265488125,-11.980079382134
2022-07-08 00:00:00+00:00,88506.85248400945,-11.986354389404807
2022-07-11 00:00:00+00:00,88453.76916203156,-12.039141903108774
2022-07-12 00:00:00+00:00,88091.2203370712,-12.399670414755537
2022-07-13 00:00:00+00:00,87829.64469806172,-12.659788416311446
2022-07-14 00:00:00+00:00,87685.2533414985,-12.803375148062923
2022-07-15 00:00:00+00:00,87962.96999874091,-12.527206074542773
2022-07-18 00:00:00+00:00,87113.64172242646,-13.371801445642472
2022-07-19 00:00:00+00:00,87777.17214782328,-12.71196856181831
2022-07-20 00:00:00+00:00,87047.45652750331,-13.43761782174382
2022-07-21 00:00:00+00:00,86914.02238702589,-13.570308396797948
2022-07-22 00:00:00+00:00,86887.95447875316,-13.596231040933782
2022-07-25 00:00:00+00:00,86825.16127221308,-13.658674330600762
2022-07-26 00:00:00+00:00,86359.40124382603,-14.12183889840013
2022-07-27 00:00:00+00:00,90476.57988265541,-10.027603350944513
2022-07-28 00:00:00+00:00,89560.87363109643,-10.938206804193285
2022-07-29 00:00:00+00:00,89534.00290451503,-10.96492779291065
2022-08-01 00:00:00+00:00,89546.56745830284,-10.952433255444905
2022-08-02 00:00:00+00:00,89628.22589977444,-10.871229857887721
2022-08-03 00:00:00+00:00,89232.20646547253,-11.26504246298351
2022-08-04 00:00:00+00:00,88559.75628759828,-11.93374539371872
2022-08-05 00:00:00+00:00,88875.84171809557,-11.619421357989534
2022-08-08 00:00:00+00:00,88835.86024850035,-11.659180029744142
2022-08-09 00:00:00+00:00,87777.11302403364,-12.71202735613901
2022-08-10 00:00:00+00:00,89171.04614172444,-11.325861969142837
2022-08-11 00:00:00+00:00,89354.80851046316,-11.143123621265694
2022-08-12 00:00:00+00:00,90397.16345808461,-10.106577225301837
2022-08-15 00:00:00+00:00,89889.23933873382,-10.611670923506622
2022-08-16 00:00:00+00:00,89889.23933873382,-10.611670923506622
2022-08-17 00:00:00+00:00,89835.32690935412,-10.665282924388586
2022-08-18 00:00:00+00:00,90470.69876258507,-10.033451698311257
2022-08-19 00:00:00+00:00,90389.31921510745,-10.114377756018945
2022-08-22 00:00:00+00:00,88338.50332719958,-12.15376541590112
2022-08-23 00:00:00+00:00,88429.6350750166,-12.063141502259056
2022-08-24 00:00:00+00:00,88410.40536399945,-12.082264055181879
2022-08-25 00:00:00+00:00,89233.73938194507,-11.26351808873024
2022-08-26 00:00:00+00:00,91228.4460657421,-9.279926962873441
2022-08-29 00:00:00+00:00,90020.7946507494,-10.480848707090985
2022-08-30 00:00:00+00:00,89388.93913572081,-11.109183189857442
2022-08-31 00:00:00+00:00,88322.92648643377,-12.169255454292694
2022-09-01 00:00:00+00:00,86451.74205819966,-14.030012655758151
2022-09-02 00:00:00+00:00,85933.92882514631,-14.54494036030699
2022-09-05 00:00:00+00:00,85933.92882514631,-14.54494036030699
2022-09-06 00:00:00+00:00,85908.14628181119,-14.57057922970919
2022-09-07 00:00:00+00:00,85564.41214960284,-14.912397893997554
2022-09-08 00:00:00+00:00,84971.82178654739,-15.501686030931804
2022-09-09 00:00:00+00:00,84959.07388792117,-15.514362891541778
2022-09-12 00:00:00+00:00,84876.48537617785,-15.596491176528481
2022-09-13 00:00:00+00:00,84774.7039988816,-15.697705374296156
2022-09-14 00:00:00+00:00,84981.78274576858,-15.491780579430248
2022-09-15 00:00:00+00:00,84930.81363762454,-15.542465660815196
2022-09-16 00:00:00+00:00,84546.06820121132,-15.925067092686074
2022-09-19 00:00:00+00:00,84266.65323373931,-16.20292501255528
2022-09-20 00:00:00+00:00,84086.60120555125,-16.38197369585668
2022-09-21 00:00:00+00:00,83935.4525503668,-16.532280070996684
2022-09-22 00:00:00+00:00,84568.79691239019,-15.902465037876324
2022-09-23 00:00:00+00:00,83962.52113821029,-16.505362323604565
2022-09-26 00:00:00+00:00,83827.47807090823,-16.639652859694277
2022-09-27 00:00:00+00:00,83726.24202235947,-16.740324767573924
2022-09-28 00:00:00+00:00,82561.5550554845,-17.898521484244345
2022-09-29 00:00:00+00:00,82839.00417957045,-17.62261845304478
2022-09-30 00:00:00+00:00,82407.13711620163,-18.052078925307068
2022-10-03 00:00:00+00:00,82306.8391633082,-18.151817965095262
2022-10-04 00:00:00+00:00,80736.58373284427,-19.713323103919787
2022-10-05 00:00:00+00:00,80548.9259247885,-19.89993518367107
2022-10-06 00:00:00+00:00,80392.27896984704,-20.05570921914124
2022-10-07 00:00:00+00:00,78031.30889705023,-22.403522721173786
2022-10-10 00:00:00+00:00,76921.18512919697,-23.507460293752004
2022-10-11 00:00:00+00:00,76187.98266981877,-24.23657696222904
2022-10-12 00:00:00+00:00,76190.26527864946,-24.234307073298933
2022-10-13 00:00:00+00:00,77259.42932765056,-23.171100970411317
2022-10-14 00:00:00+00:00,79489.14298518063,-20.95381245365595
2022-10-17 00:00:00+00:00,81012.45415564044,-19.438989976653577
2022-10-18 00:00:00+00:00,80622.8518450746,-19.82642121761208
2022-10-19 00:00:00+00:00,80586.58304539394,-19.862487908407488
2022-10-20 00:00:00+00:00,80500.91101352268,-19.947682530521284
2022-10-21 00:00:00+00:00,80942.54530190563,-19.508509261375295
2022-10-24 00:00:00+00:00,81387.77127659583,-19.065764320692935
2022-10-25 00:00:00+00:00,80450.50637927168,-19.997806283559505
2022-10-26 00:00:00+00:00,79916.73073539829,-20.528607447954407
2022-10-27 00:00:00+00:00,80226.77197512996,-20.22029392157132
2022-10-28 00:00:00+00:00,80342.11420609165,-20.1055944383688
2022-10-31 00:00:00+00:00,80995.33472348344,-19.456014010303335
2022-11-01 00:00:00+00:00,79993.7275869842,-20.452039663444864
2022-11-02 00:00:00+00:00,78173.78029589842,-22.261845248120082
2022-11-03 00:00:00+00:00,77043.10200758255,-23.386222800529456
2022-11-04 00:00:00+00:00,77802.70717709107,-22.630850551751568
2022-11-07 00:00:00+00:00,77242.39832537586,-23.188037066956724
2022-11-08 00:00:00+00:00,77645.11544345129,-22.787564101114732
2022-11-09 00:00:00+00:00,76973.09193737453,-23.4558427376928
2022-11-10 00:00:00+00:00,83446.73157773509,-17.018277632546443
2022-11-11 00:00:00+00:00,80628.36164808905,-19.820942118126705
2022-11-14 00:00:00+00:00,80490.04496522798,-19.95848802746255
2022-11-15 00:00:00+00:00,81511.07016887658,-18.943152514885718
2022-11-16 00:00:00+00:00,82296.42248898812,-18.162176592210766
2022-11-17 00:00:00+00:00,82588.99425375182,-17.87123519166518
2022-11-18 00:00:00+00:00,82285.82603577907,-18.17271399639242
2022-11-21 00:00:00+00:00,81811.07475129886,-18.644819716262706
2022-11-22 00:00:00+00:00,83315.84191030623,-17.148437913698157
2022-11-23 00:00:00+00:00,83319.73729804202,-17.14456423311782
2022-11-24 00:00:00+00:00,83048.16648087217,-17.414621714428502
2022-11-25 00:00:00+00:00,83160.62641436719,-17.302788467010622
2022-11-28 00:00:00+00:00,82238.95615570102,-18.2193226927727
2022-11-29 00:00:00+00:00,81616.31475147407,-18.838494410623753
2022-11-30 00:00:00+00:00,85619.70171222308,-14.85741643398798
2022-12-01 00:00:00+00:00,85122.78259761495,-15.351566453142173
2022-12-02 00:00:00+00:00,84606.94256705458,-15.864531950923288
2022-12-05 00:00:00+00:00,83510.15580356745,-16.95520683995956
2022-12-06 00:00:00+00:00,81920.57699035133,-18.53592768145362
2022-12-07 00:00:00+00:00,81601.16664404902,-18.853558104802914
2022-12-08 00:00:00+00:00,81642.21651194758,-18.81273698842395
2022-12-09 00:00:00+00:00,81488.73049088017,-18.96536770441114
2022-12-12 00:00:00+00:00,82407.75850221951,-18.051461001979884
2022-12-13 00:00:00+00:00,82971.14074339115,-17.4912182238657
2022-12-14 00:00:00+00:00,82699.47500745158,-17.761370095008644
2022-12-15 00:00:00+00:00,81957.03780987361,-18.499670040852457
2022-12-16 00:00:00+00:00,81011.42194572135,-19.440016434554465
2022-12-19 00:00:00+00:00,79875.89178817457,-20.56921881901981
2022-12-20 00:00:00+00:00,79786.36589332795,-20.658245828351372
2022-12-21 00:00:00+00:00,80727.56125999607,-19.722295298789515
2022-12-22 00:00:00+00:00,80661.88736971199,-19.787603219510984
2022-12-23 00:00:00+00:00,80458.00056119665,-19.99035386316975
2022-12-26 00:00:00+00:00,80606.14143326484,-19.843038510191736
2022-12-27 00:00:00+00:00,78787.50415283168,-21.65154138428479
2022-12-28 00:00:00+00:00,77954.42142026543,-22.47998174037631
2022-12-29 00:00:00+00:00,79855.79551464977,-20.589203105506837
2022-12-30 00:00:00+00:00,79756.97966968408,-20.687468296454536
2023-01-02 00:00:00+00:00,79733.05835557345,-20.711256308383376
2023-01-03 00:00:00+00:00,79303.8344989793,-21.138088303213554
2023-01-04 00:00:00+00:00,79906.72690851422,-20.538555528237612
2023-01-05 00:00:00+00:00,79065.25342977856,-21.375339872834388
2023-01-06 00:00:00+00:00,80792.89917468275,-19.657321481432177
2023-01-09 00:00:00+00:00,81443.31723680609,-19.010527891875974
2023-01-10 00:00:00+00:00,82228.9146287429,-18.22930826304524
2023-01-11 00:00:00+00:00,83437.46395246274,-17.027493613721678
2023-01-12 00:00:00+00:00,84164.90819981603,-16.30410306947443
2023-01-13 00:00:00+00:00,85227.89887410167,-15.247035940001641
2023-01-16 00:00:00+00:00,85352.20831342283,-15.123419218455226
2023-01-17 00:00:00+00:00,85139.96645730372,-15.33447835098486
2023-01-18 00:00:00+00:00,85511.46552855698,-14.965049468539204
2023-01-19 00:00:00+00:00,84622.00683624957,-15.849551627783331
2023-01-20 00:00:00+00:00,82429.49055790601,-18.02985004877231
2023-01-23 00:00:00+00:00,84048.36076067739,-16.420001044798138
2023-01-24 00:00:00+00:00,84191.89671891138,-16.277264944645154
2023-01-25 00:00:00+00:00,83452.06014378647,-17.01297876007616
2023-01-26 00:00:00+00:00,83344.68658322682,-17.11975397851194
2023-01-27 00:00:00+00:00,81568.671009254,-18.885872656777934
2023-01-30 00:00:00+00:00,83549.19844479549,-16.916381764925216
2023-01-31 00:00:00+00:00,82424.08057785215,-18.035229881563307
2023-02-01 00:00:00+00:00,80610.70559199921,-19.838499785357634
2023-02-02 00:00:00+00:00,79351.57227182084,-21.090616550426123
2023-02-03 00:00:00+00:00,80610.99568515213,-19.838211308756804
2023-02-06 00:00:00+00:00,80827.10947813414,-19.623301815839113
2023-02-07 00:00:00+00:00,79401.39831839556,-21.041068160868413
2023-02-08 00:00:00+00:00,80265.58228060132,-20.18169988759625
2023-02-09 00:00:00+00:00,80864.51499321057,-19.58610474402578
2023-02-10 00:00:00+00:00,82009.30639716239,-18.447692721706098
2023-02-13 00:00:00+00:00,82491.15984388602,-17.96852441658713
2023-02-14 00:00:00+00:00,81059.5784404036,-19.39212829326532
2023-02-15 00:00:00+00:00,81663.78268928283,-18.791290989205944
2023-02-16 00:00:00+00:00,81059.47694981178,-19.39222921829802
2023-02-17 00:00:00+00:00,80410.70925692924,-20.037381635341468
2023-02-20 00:00:00+00:00,80410.70925692924,-20.037381635341468
2023-02-21 00:00:00+00:00,78972.13793486136,-21.467936479091264
2023-02-22 00:00:00+00:00,78792.08617469908,-21.646984895860456
2023-02-23 00:00:00+00:00,81820.6281459184,-18.63531955819784
2023-02-24 00:00:00+00:00,81817.26479747184,-18.63866416429253
2023-02-27 00:00:00+00:00,82012.10294418124,-18.444911758522544
2023-02-28 00:00:00+00:00,81559.32425206143,-18.89516732890859
2023-03-01 00:00:00+00:00,81855.52163945734,-18.600620509612796
2023-03-02 00:00:00+00:00,81524.03910400154,-18.93025584950898
2023-03-03 00:00:00+00:00,81782.53763236493,-18.673197811315323
2023-03-06 00:00:00+00:00,82219.77810295926,-18.238393875287283
2023-03-07 00:00:00+00:00,81768.01857919364,-18.687635956662874
2023-03-08 00:00:00+00:00,80687.43838674521,-19.76219458622399
2023-03-09 00:00:00+00:00,80527.80216033127,-19.920941235369018
2023-03-10 00:00:00+00:00,80220.80769573164,-20.226224964858407
2023-03-13 00:00:00+00:00,80021.8802436586,-20.424043888225263
2023-03-14 00:00:00+00:00,79576.14591412406,-20.867294350930578
2023-03-15 00:00:00+00:00,79673.79549193346,-20.77018892808331
2023-03-16 00:00:00+00:00,82030.18455069106,-18.42693091226306
2023-03-17 00:00:00+00:00,82192.41136395134,-18.265608112388264
2023-03-20 00:00:00+00:00,82253.2931422452,-18.205065599480953
2023-03-21 00:00:00+00:00,82947.26206732006,-17.514963835356646
2023-03-22 00:00:00+00:00,82333.12336934108,-18.12568022852451
2023-03-23 00:00:00+00:00,82788.27814546168,-17.673061814931213
2023-03-24 00:00:00+00:00,83033.86823485995,-17.428840283070958
2023-03-27 00:00:00+00:00,82769.17333294071,-17.692060165358157
2023-03-28 00:00:00+00:00,82417.17238782071,-18.042099575515515
2023-03-29 00:00:00+00:00,83240.92294681801,-17.222939389198665
2023-03-30 00:00:00+00:00,82651.39115832541,-17.809185995561073
2023-03-31 00:00:00+00:00,82892.66470789132,-17.569256949496072
2023-04-03 00:00:00+00:00,82768.35419803164,-17.692874735615394
2023-04-04 00:00:00+00:00,82172.26916559091,-18.285638067793496
2023-04-05 00:00:00+00:00,81978.34207008855,-18.4784844992144
2023-04-06 00:00:00+00:00,81954.72427450377,-18.501970683982726
2023-04-10 00:00:00+00:00,82284.67709575695,-18.173856533914623
2023-04-11 00:00:00+00:00,82211.50315549325,-18.24662271038061
2023-04-12 00:00:00+00:00,82134.8473953249,-18.322851304213906
2023-04-13 00:00:00+00:00,82542.58322632973,-17.91738759235856
2023-04-14 00:00:00+00:00,82679.28643451112,-17.78144616657029
2023-04-17 00:00:00+00:00,83148.34090421256,-17.315005515821504
2023-04-18 00:00:00+00:00,82834.41281786792,-17.627184229257743
2023-04-19 00:00:00+00:00,82927.8991962927,-17.534218806251857
2023-04-20 00:00:00+00:00,82678.4101360253,-17.782317581858663
2023-04-21 00:00:00+00:00,82863.886842712,-17.59787444922898
2023-04-24 00:00:00+00:00,82705.00634554362,-17.75586958045049
2023-04-25 00:00:00+00:00,82160.75554012705,-18.297087533262324
2023-04-26 00:00:00+00:00,82815.06219330966,-17.646427021927646
2023-04-27 00:00:00+00:00,83474.67094542534,-16.99049395775224
2023-04-28 00:00:00+00:00,83916.57716283046,-16.551050274916037
2023-05-01 00:00:00+00:00,85136.71567823018,-15.337711015002464
2023-05-02 00:00:00+00:00,84296.78789314085,-16.17295827937333
2023-05-03 00:00:00+00:00,83721.41913562188,-16.74512077864232
2023-05-04 00:00:00+00:00,83326.3219270307,-17.138016297155556
2023-05-05 00:00:00+00:00,84124.85165306224,-16.343936400018055
2023-05-08 00:00:00+00:00,84851.46445821389,-15.621372664737887
2023-05-09 00:00:00+00:00,84196.226565279,-16.272959226465677
2023-05-10 00:00:00+00:00,84283.77696786808,-16.18589670090662
2023-05-11 00:00:00+00:00,83915.68297323323,-16.55193948161712
2023-05-12 00:00:00+00:00,83951.35972529095,-16.516461539242954
2023-05-15 00:00:00+00:00,83938.86114765059,-16.528890468215142
2023-05-16 00:00:00+00:00,84127.487510245,-16.341315231222055
2023-05-17 00:00:00+00:00,84287.3279260989,-16.18236553048836
2023-05-18 00:00:00+00:00,84172.57570554123,-16.296478291136086
2023-05-19 00:00:00+00:00,83952.5956639287,-16.515232487907316
2023-05-22 00:00:00+00:00,83468.66143229065,-16.99646998270945
2023-05-23 00:00:00+00:00,83321.46189861378,-17.142849242930257
2023-05-24 00:00:00+00:00,83602.80469680627,-16.863074235230357
2023-05-25 00:00:00+00:00,89989.09855665466,-10.512368173828312
2023-05-26 00:00:00+00:00,90658.73507433658,-9.846463224086499
2023-05-29 00:00:00+00:00,90411.82337996126,-10.091998996243657
2023-05-30 00:00:00+00:00,91265.81009459172,-9.24277114610379
2023-05-31 00:00:00+00:00,89329.24906506861,-11.168540635946744
2023-06-01 00:00:00+00:00,88248.76044998119,-12.243008198464223
2023-06-02 00:00:00+00:00,88635.8296663107,-11.85809593600463
2023-06-05 00:00:00+00:00,88565.77788940642,-11.927757347452516
2023-06-06 00:00:00+00:00,88926.97545731478,-11.568572562940627
2023-06-07 00:00:00+00:00,89073.6393958599,-11.422725913232956
2023-06-08 00:00:00+00:00,89007.93512686888,-11.488064043375179
2023-06-09 00:00:00+00:00,88808.6452168856,-11.686243404845564
2023-06-12 00:00:00+00:00,88978.35482814003,-11.517479505074558
2023-06-13 00:00:00+00:00,87961.02493463864,-12.529140299721764
2023-06-14 00:00:00+00:00,86599.45609390797,-13.88312176058265
2023-06-15 00:00:00+00:00,86784.82302606474,-13.698787790761314
2023-06-16 00:00:00+00:00,86678.55805712203,-13.804460595237478
2023-06-19 00:00:00+00:00,86663.42106100207,-13.819513240029613
2023-06-20 00:00:00+00:00,85738.92903439498,-14.738853509353033
2023-06-21 00:00:00+00:00,85679.23741884388,-14.798212491732244
2023-06-22 00:00:00+00:00,85975.60437332875,-14.503497050264757
2023-06-23 00:00:00+00:00,86271.5321817142,-14.209218307742965
2023-06-26 00:00:00+00:00,86499.81135411382,-13.982211227319553
2023-06-27 00:00:00+00:00,86943.83641503556,-13.540660508280599
2023-06-28 00:00:00+00:00,87270.18149996709,-13.216133990324119
2023-06-29 00:00:00+00:00,87044.78055098286,-13.440278886311397
2023-06-30 00:00:00+00:00,88198.82255048334,-12.292667817641567
2023-07-03 00:00:00+00:00,87744.68267414985,-12.744276987004765
2023-07-04 00:00:00+00:00,87830.54193041769,-12.6588961838075
2023-07-05 00:00:00+00:00,87231.59441365789,-13.254506049031967
2023-07-06 00:00:00+00:00,86936.69707071241,-13.547760068410852
2023-07-07 00:00:00+00:00,86720.18925375714,-13.763061389592368
2023-07-10 00:00:00+00:00,86076.84870968755,-14.402816900759131
2023-07-11 00:00:00+00:00,85986.52372206352,-14.492638549901592
2023-07-12 00:00:00+00:00,87151.79558058799,-13.3338602009065
2023-07-13 00:00:00+00:00,89188.32556145223,-11.308678839457443
2023-07-14 00:00:00+00:00,89084.26075162822,-11.412163745262216
2023-07-17 00:00:00+00:00,89715.01169557113,-10.784927678328648
2023-07-18 00:00:00+00:00,90021.82012286392,-10.479828949448066
2023-07-19 00:00:00+00:00,90177.0450467484,-10.32546902072765
2023-07-20 00:00:00+00:00,88446.20630154743,-12.04666261934454
2023-07-21 00:00:00+00:00,87738.7160751944,-12.750210336923185
2023-07-24 00:00:00+00:00,87896.9976459374,-12.592810794593056
2023-07-25 00:00:00+00:00,88775.05604439073,-11.719645400751489
2023-07-26 00:00:00+00:00,89267.98442875971,-11.229463873382262
2023-07-27 00:00:00+00:00,89389.69483707377,-11.108431699671083
2023-07-28 00:00:00+00:00,89551.17418177023,-10.94785220307094
2023-07-31 00:00:00+00:00,89514.54393142904,-10.984278330333108
2023-08-01 00:00:00+00:00,89453.09715249397,-11.045382695399997
2023-08-02 00:00:00+00:00,87925.2815532591,-12.564684500124002
2023-08-03 00:00:00+00:00,87936.4400772753,-12.553588157290251
2023-08-04 00:00:00+00:00,86822.37547482009,-13.661444604061046
2023-08-07 00:00:00+00:00,87949.94903985644,-12.5401544737752
2023-08-08 00:00:00+00:00,87822.13598992818,-12.667255281962086
2023-08-09 00:00:00+00:00,86228.83855683065,-14.251674021225835
2023-08-10 00:00:00+00:00,86133.41476417877,-14.34656606216469
2023-08-11 00:00:00+00:00,85393.78551352688,-15.082073708444021
2023-08-14 00:00:00+00:00,87468.228065684,-13.019191044549917
2023-08-15 00:00:00+00:00,87603.8244140487,-12.884350310571524
2023-08-16 00:00:00+00:00,87138.83699959241,-13.346746569852531
2023-08-17 00:00:00+00:00,86854.27502934235,-13.629722810685042
2023-08-18 00:00:00+00:00,86292.13989565708,-14.188725430853676
2023-08-21 00:00:00+00:00,88389.28054861138,-12.10327115195431
2023-08-22 00:00:00+00:00,87627.68024838918,-12.860627413525016
2023-08-23 00:00:00+00:00,87885.24877477674,-12.60449419484555
2023-08-24 00:00:00+00:00,87553.82211286137,-12.934073972558158
2023-08-25 00:00:00+00:00,86769.33639511229,-13.714188122036198
2023-08-28 00:00:00+00:00,86583.2714159037,-13.899216249022928
2023-08-29 00:00:00+00:00,85728.19794412152,-14.749524800330349
2023-08-30 00:00:00+00:00,85916.94256450342,-14.561831964544558
2023-08-31 00:00:00+00:00,86049.68266719402,-14.429831559732564
2023-09-01 00:00:00+00:00,85624.64777233574,-14.852497935931542
2023-09-04 00:00:00+00:00,85570.37413173701,-14.90646913517304
2023-09-05 00:00:00+00:00,85364.54907212341,-15.111147228972444
2023-09-06 00:00:00+00:00,85300.94584451527,-15.174396025842762
2023-09-07 00:00:00+00:00,84808.91518582567,-15.663684830133695
2023-09-08 00:00:00+00:00,84456.20840993499,-16.014426137800307
2023-09-11 00:00:00+00:00,84625.89655799369,-15.845683581620772
2023-09-12 00:00:00+00:00,84283.92436835726,-16.185750121810727
2023-09-13 00:00:00+00:00,84632.520995171,-15.839096059302104
2023-09-14 00:00:00+00:00,84763.78094270016,-15.708567561446142
2023-09-15 00:00:00+00:00,84377.55507348306,-16.09264117636833
2023-09-18 00:00:00+00:00,83833.65822888102,-16.633507140822022
2023-09-19 00:00:00+00:00,83630.24568385513,-16.835786163837696
2023-09-20 00:00:00+00:00,83347.55679364369,-17.11689976242169
2023-09-21 00:00:00+00:00,82920.83427199877,-17.54124436106055
2023-09-22 00:00:00+00:00,82979.40369847101,-17.483001314330636
2023-09-25 00:00:00+00:00,82912.36826224947,-17.54966319373732
2023-09-26 00:00:00+00:00,81936.15270932071,-18.520438758607238
2023-09-27 00:00:00+00:00,82230.41798550956,-18.227813283775586
2023-09-28 00:00:00+00:00,82091.990960622,-18.365468920253935
2023-09-29 00:00:00+00:00,81894.00812162344,-18.562348494428683
2023-10-02 00:00:00+00:00,81731.92381462868,-18.72352958215806
2023-10-03 00:00:00+00:00,80913.8208230169,-19.537073672314197
2023-10-04 00:00:00+00:00,81153.18689483381,-19.29904147452589
2023-10-05 00:00:00+00:00,81118.74169246267,-19.333294730058014
2023-10-06 00:00:00+00:00,81240.65742083959,-19.212058380435682
2023-10-09 00:00:00+00:00,81167.61380402633,-19.284694959682234
2023-10-10 00:00:00+00:00,81238.24537422565,-19.214456985853424
2023-10-11 00:00:00+00:00,81372.17909475706,-19.081269614668926
2023-10-12 00:00:00+00:00,81311.17842677137,-19.141930354751977
2023-10-13 00:00:00+00:00,80276.39173989005,-20.170950664317143
2023-10-16 00:00:00+00:00,80533.73824877417,-19.91503822594247
2023-10-17 00:00:00+00:00,80365.65983388374,-20.082180019236162
2023-10-18 00:00:00+00:00,79135.09864635702,-21.30588387064922
2023-10-19 00:00:00+00:00,79018.47014652796,-21.421862454950404
2023-10-20 00:00:00+00:00,77942.48575548493,-22.49185089333605
2023-10-23 00:00:00+00:00,79145.89415307075,-21.295148522194008
2023-10-24 00:00:00+00:00,79787.06935106224,-20.657546290654693
2023-10-25 00:00:00+00:00,78659.17852857376,-21.779151910466776
2023-10-26 00:00:00+00:00,77570.89654909361,-22.86136940863922
2023-10-27 00:00:00+00:00,78290.17674580403,-22.146097420637755
2023-10-30 00:00:00+00:00,78846.36869352305,-21.59300486786786
2023-10-31 00:00:00+00:00,78548.01344844932,-21.889697520120144
2023-11-01 00:00:00+00:00,78802.2665492023,-21.636861251774587
2023-11-02 00:00:00+00:00,78980.36405008432,-21.459756204121984
2023-11-03 00:00:00+00:00,79200.46016231507,-21.240886583539243
2023-11-06 00:00:00+00:00,79166.66552866752,-21.274492895659904
2023-11-07 00:00:00+00:00,79306.914977041,-21.1350249912007
2023-11-08 00:00:00+00:00,79330.9258811219,-21.11114788854418
2023-11-09 00:00:00+00:00,79359.25703444322,-21.082974611355134
2023-11-10 00:00:00+00:00,79982.81396015492,-20.46289247378802
2023-11-13 00:00:00+00:00,79975.71957808617,-20.469947322217273
2023-11-14 00:00:00+00:00,79734.80569986768,-20.709518701213348
2023-11-15 00:00:00+00:00,79774.77031396418,-20.669776791029737
2023-11-16 00:00:00+00:00,79607.49075776608,-20.836124177293158
2023-11-17 00:00:00+00:00,79630.26751652164,-20.81347434265316
2023-11-20 00:00:00+00:00,79099.31657856757,-21.341466541880283
2023-11-21 00:00:00+00:00,78991.16320407245,-21.449017228716905
2023-11-22 00:00:00+00:00,79085.9955569465,-21.354713331741436
2023-11-23 00:00:00+00:00,79062.26758202989,-21.378309081864234
2023-11-24 00:00:00+00:00,78583.26475321184,-21.85464265422441
2023-11-27 00:00:00+00:00,78818.8359591177,-21.62038417535235
2023-11-28 00:00:00+00:00,78625.86610696095,-21.812278697692545
2023-11-29 00:00:00+00:00,78757.61335908642,-21.681265610758558
2023-11-30 00:00:00+00:00,78063.37733284914,-22.371632987616696
2023-12-01 00:00:00+00:00,77923.57706869404,-22.510654210948957
2023-12-04 00:00:00+00:00,76981.51615431889,-23.447465464929408
2023-12-05 00:00:00+00:00,77826.54017282257,-22.60715036604527
2023-12-06 00:00:00+00:00,77132.56722008722,-23.297256135385812
2023-12-07 00:00:00+00:00,78473.00660348179,-21.964286387378007
2023-12-08 00:00:00+00:00,78360.46011961211,-22.07620570286619
2023-12-11 00:00:00+00:00,78117.59039540621,-22.317722028844045
2023-12-12 00:00:00+00:00,78719.81409172149,-21.718854240664896
2023-12-13 00:00:00+00:00,78732.74078778052,-21.70599957897573
2023-12-14 00:00:00+00:00,78540.77019980035,-21.896900405566498
2023-12-15 00:00:00+00:00,78617.37250958275,-21.82072496426539
2023-12-18 00:00:00+00:00,78954.81003232763,-21.485167821410823
2023-12-19 00:00:00+00:00,78929.46737353457,-21.510369257539686
2023-12-20 00:00:00+00:00,78372.97280695048,-22.06376274282268
2023-12-21 00:00:00+00:00,78693.13070306538,-21.745388935402723
2023-12-22 00:00:00+00:00,78681.32476514751,-21.757129084406344
2023-12-26 00:00:00+00:00,78602.9742487951,-21.835042990348196
2023-12-27 00:00:00+00:00,78655.10106294065,-21.783206654310316
2023-12-28 00:00:00+00:00,78656.87119768294,-21.78144638369265
2023-12-29 00:00:00+00:00,78656.87119768294,-21.78144638369265
2024-01-01 00:00:00+00:00,78633.27197188254,-21.804914102157223
2024-01-02 00:00:00+00:00,78565.01608533747,-21.872789630894395
2024-01-03 00:00:00+00:00,78213.06909060829,-22.222775391300964
2024-01-04 00:00:00+00:00,77810.02327441312,-22.62357522358337
2024-01-05 00:00:00+00:00,78258.38830075416,-22.17770872370196
2024-01-08 00:00:00+00:00,79294.41106695366,-21.14745922290465
2024-01-09 00:00:00+00:00,79987.97664490259,-20.45775855824331
2024-01-10 00:00:00+00:00,80074.3821187252,-20.371834581303638
2024-01-11 00:00:00+00:00,79933.92590886957,-20.511508095060947
2024-01-12 00:00:00+00:00,79914.36130194401,-20.530963677675494
2024-01-15 00:00:00+00:00,79914.36130194401,-20.530963677675494
2024-01-16 00:00:00+00:00,80034.90555609918,-20.411091159697037
2024-01-17 00:00:00+00:00,79988.50286322802,-20.457235272284002
2024-01-18 00:00:00+00:00,79478.22740422204,-20.964667207238985
2024-01-19 00:00:00+00:00,78639.65085422467,-21.798570766312654
2024-01-22 00:00:00+00:00,78643.01940597346,-21.795220985911268
2024-01-23 00:00:00+00:00,78674.23503100863,-21.764179310806455
2024-01-24 00:00:00+00:00,78327.34963067129,-22.10913168269535
2024-01-25 00:00:00+00:00,77895.63823926066,-22.53843735048573
2024-01-26 00:00:00+00:00,78038.24348470233,-22.396626776702387
2024-01-29 00:00:00+00:00,76957.75461193372,-23.471094595465114
2024-01-30 00:00:00+00:00,76993.73564962657,-23.435314063095912
2024-01-31 00:00:00+00:00,76164.21193187659,-24.260215237079265
2024-02-01 00:00:00+00:00,75697.81200270237,-24.72401613980103
2024-02-02 00:00:00+00:00,75540.4371853381,-24.880513981660602
2024-02-05 00:00:00+00:00,75320.75189430555,-25.09897507035759
2024-02-06 00:00:00+00:00,75683.78076026612,-24.737969192752317
2024-02-07 00:00:00+00:00,75861.96546786046,-24.5607774243492
2024-02-08 00:00:00+00:00,75681.80246818111,-24.73993646075019
2024-02-09 00:00:00+00:00,75447.75957415199,-24.972675144305544
2024-02-12 00:00:00+00:00,75335.58584071025,-25.084223786527826
2024-02-13 00:00:00+00:00,75398.25510439325,-25.021903749042952
2024-02-14 00:00:00+00:00,74809.57689420685,-25.607301533687764
2024-02-15 00:00:00+00:00,74850.04928630716,-25.567054675107258
2024-02-16 00:00:00+00:00,74697.0552584876,-25.719196139492528
2024-02-19 00:00:00+00:00,74726.60504842886,-25.689811016569674
2024-02-20 00:00:00+00:00,75306.9703714972,-25.11267979525047
2024-02-21 00:00:00+00:00,75459.78998296942,-24.960711775272635
2024-02-22 00:00:00+00:00,78510.777012548,-21.926726454956714
2024-02-23 00:00:00+00:00,78362.30515968666,-22.07437094432828
2024-02-26 00:00:00+00:00,78180.98460396225,-22.254681086261385
2024-02-27 00:00:00+00:00,78080.26584576529,-22.354838586403968
2024-02-28 00:00:00+00:00,78273.58194563272,-22.162599745828004
2024-02-29 00:00:00+00:00,78256.83420194121,-22.179254162256466
2024-03-01 00:00:00+00:00,77037.37835955435,-23.39191455337136
2024-03-04 00:00:00+00:00,75703.5069101214,-24.71835296741046
2024-03-05 00:00:00+00:00,75278.32210979202,-25.141168413728177
2024-03-06 00:00:00+00:00,74366.81947798372,-26.047591672013116
2024-03-07 00:00:00+00:00,73413.23670850386,-26.995860575243334
2024-03-08 00:00:00+00:00,74733.10905396982,-25.683343254778745
2024-03-11 00:00:00+00:00,75341.24527000113,-25.07859589456256
2024-03-12 00:00:00+00:00,73497.43112498631,-26.91213533446589
2024-03-13 00:00:00+00:00,73847.1029382246,-26.56441207703868
2024-03-14 00:00:00+00:00,74639.22537311557,-25.776703766235386
2024-03-15 00:00:00+00:00,73979.27672967808,-26.432974827678834
2024-03-18 00:00:00+00:00,74389.03793973407,-26.025497023252875
2024-03-19 00:00:00+00:00,74214.54527348473,-26.19901732431309
2024-03-20 00:00:00+00:00,74015.85862760253,-26.396596783388237
2024-03-21 00:00:00+00:00,73617.68097242487,-26.792555582614497
2024-03-22 00:00:00+00:00,72542.0627808943,-27.862179862144554
2024-03-25 00:00:00+00:00,72397.38606606568,-28.006050361994618
2024-03-26 00:00:00+00:00,72803.22274419082,-27.60247521993723
2024-03-27 00:00:00+00:00,72509.81313600381,-27.894249795000558
2024-03-28 00:00:00+00:00,72504.08241057073,-27.89994858580831
2024-04-01 00:00:00+00:00,72284.60443355629,-28.118203515750253
2024-04-02 00:00:00+00:00,72189.75752705583,-28.21252188525165
2024-04-03 00:00:00+00:00,72071.73859413023,-28.329883154422653
2024-04-04 00:00:00+00:00,71299.53211838758,-29.097786488308575
2024-04-05 00:00:00+00:00,72081.95903061901,-28.31971967159773
2024-04-08 00:00:00+00:00,72027.91557382015,-28.37346196974494
2024-04-09 00:00:00+00:00,71568.63745219677,-28.830180751384628
2024-04-10 00:00:00+00:00,72100.19286305245,-28.301587447697784
2024-04-11 00:00:00+00:00,72942.58202817121,-27.46389251940551
2024-04-12 00:00:00+00:00,73112.85062297933,-27.294572751032053
2024-04-15 00:00:00+00:00,72388.98358601915,-28.014406018989636
2024-04-16 00:00:00+00:00,72735.44299263682,-27.669877266958675
2024-04-17 00:00:00+00:00,72385.21869054453,-28.01814993448053
2024-04-18 00:00:00+00:00,72414.46149134448,-27.98907008999353
2024-04-19 00:00:00+00:00,70135.32822899397,-30.25550281946021
2024-04-22 00:00:00+00:00,71174.50510196846,-29.222116788234796
2024-04-23 00:00:00+00:00,71291.01105340813,-29.10626006941871
2024-04-24 00:00:00+00:00,71274.5034528443,-29.12267568092368
2024-04-25 00:00:00+00:00,71872.79251070847,-28.52772060531451
2024-04-26 00:00:00+00:00,72893.7984366772,-27.512404262992153
2024-04-29 00:00:00+00:00,73268.01077566457,-27.140277232571574
2024-04-30 00:00:00+00:00,72656.68315227292,-27.748198215942686
2024-05-01 00:00:00+00:00,72679.84526062803,-27.725165179074384
2024-05-02 00:00:00+00:00,73139.99121845754,-27.267583397269746
2024-05-03 00:00:00+00:00,72309.9059093835,-28.093043033094023
2024-05-06 00:00:00+00:00,72299.05761484512,-28.103830875212267
2024-05-07 00:00:00+00:00,72412.91767559643,-27.9906053027858
2024-05-08 00:00:00+00:00,72402.05754736332,-28.001404912655182
2024-05-09 00:00:00+00:00,72219.61143378183,-28.18283434024321
2024-05-10 00:00:00+00:00,72124.7545705815,-28.277162610960506
2024-05-13 00:00:00+00:00,72296.18878371587,-28.10668371970102
2024-05-14 00:00:00+00:00,72352.50970700564,-28.05067664630767
2024-05-15 00:00:00+00:00,72130.68289837455,-28.271267318937376
2024-05-16 00:00:00+00:00,72345.59352560881,-28.057554287093144
2024-05-17 00:00:00+00:00,72351.08602328842,-28.052092396508154
2024-05-20 00:00:00+00:00,72304.80528399665,-28.098115235105404
2024-05-21 00:00:00+00:00,72283.11908216115,-28.11968058998382
2024-05-22 00:00:00+00:00,72254.56211180406,-28.148078425836985
2024-05-23 00:00:00+00:00,74558.70645848688,-25.856773986994387
2024-05-24 00:00:00+00:00,74591.37012699447,-25.82429233767929
2024-05-27 00:00:00+00:00,74632.03841325067,-25.783850676568466
2024-05-28 00:00:00+00:00,74620.84174075436,-25.794984955298883
2024-05-29 00:00:00+00:00,74548.97287918777,-25.86645332565474
2024-05-30 00:00:00+00:00,74493.07605326806,-25.922038664972323
2024-05-31 00:00:00+00:00,74649.22925509285,-25.76675563116598
2024-06-03 00:00:00+00:00,74622.26229921836,-25.793572312936053
2024-06-04 00:00:00+00:00,73729.04039053079,-26.681816717933394
2024-06-05 00:00:00+00:00,72769.41870124439,-27.636090888923192
2024-06-06 00:00:00+00:00,73183.23392094056,-27.224581665937443
2024-06-07 00:00:00+00:00,73146.68199513156,-27.260929905133036
2024-06-10 00:00:00+00:00,72965.36908290397,-27.44123244616292
2024-06-11 00:00:00+00:00,73116.28123723375,-27.291161253970063
2024-06-12 00:00:00+00:00,72075.61431213272,-28.326029033965494
2024-06-13 00:00:00+00:00,71140.3910261328,-29.25604076244318
2024-06-14 00:00:00+00:00,70623.70957347573,-29.769842993473173
2024-06-17 00:00:00+00:00,70635.79915450753,-29.757820781964682
2024-06-18 00:00:00+00:00,69680.29016289653,-30.708005173400153
2024-06-19 00:00:00+00:00,69204.94935477288,-31.180697131777137
2024-06-20 00:00:00+00:00,70000.3291750818,-30.38974958742585
2024-06-21 00:00:00+00:00,70132.152317631,-30.258661032969624
2024-06-24 00:00:00+00:00,70021.23696500857,-30.368958306734363
2024-06-25 00:00:00+00:00,71031.92231074632,-29.363905032925363
2024-06-26 00:00:00+00:00,71313.89060933646,-29.083508010446014
2024-06-27 00:00:00+00:00,71067.47997572552,-29.328545514013705
2024-06-28 00:00:00+00:00,71170.46514343847,-29.22613423398459
2024-07-01 00:00:00+00:00,71214.64131018442,-29.18220424014468
2024-07-02 00:00:00+00:00,70959.74998854657,-29.435675172871655
2024-07-03 00:00:00+00:00,71565.73615862863,-28.833065877414445
2024-07-04 00:00:00+00:00,71930.01296399806,-28.470819014577042
2024-07-05 00:00:00+00:00,72591.29557115657,-27.813221422962144
2024-07-08 00:00:00+00:00,72579.14337739028,-27.825305898293927
2024-07-09 00:00:00+00:00,72655.30597923658,-27.749567714644343
2024-07-10 00:00:00+00:00,72425.96243344397,-27.977633237210686
2024-07-11 00:00:00+00:00,72506.77139785525,-27.897274582979502
2024-07-12 00:00:00+00:00,72754.79408313622,-27.65063401094411
2024-07-15 00:00:00+00:00,72859.43770757079,-27.54657351598915
2024-07-16 00:00:00+00:00,72531.1266400897,-27.87305506100327
2024-07-17 00:00:00+00:00,70748.9681642509,-29.64528240964539
2024-07-18 00:00:00+00:00,70738.7650361824,-29.65542868050167
2024-07-19 00:00:00+00:00,70562.73957996145,-29.830473230019162
2024-07-22 00:00:00+00:00,72191.05251844498,-28.211234110237683
2024-07-23 00:00:00+00:00,72318.83141973664,-28.08416726039318
2024-07-24 00:00:00+00:00,70438.87371247943,-29.953648851542713
2024-07-25 00:00:00+00:00,69736.32886886419,-30.652278744665107
2024-07-26 00:00:00+00:00,69851.80529961338,-30.5374458095071
2024-07-29 00:00:00+00:00,69937.22353464075,-30.452503569947286
2024-07-30 00:00:00+00:00,68488.02120879482,-31.893630175913746
2024-07-31 00:00:00+00:00,68554.71431260674,-31.827308721259897
2024-08-01 00:00:00+00:00,69721.87331827122,-30.666653741304216
2024-08-02 00:00:00+00:00,69331.86313701658,-31.054490580080863
2024-08-05 00:00:00+00:00,67628.67687858768,-32.74818578616991
2024-08-06 00:00:00+00:00,68377.4253130901,-32.00360977294324
2024-08-07 00:00:00+00:00,69549.16620296433,-30.838398441453784
2024-08-08 00:00:00+00:00,71150.17523439231,-29.246311076953702
2024-08-09 00:00:00+00:00,71152.08953506083,-29.244407443778385
2024-08-12 00:00:00+00:00,71945.75007822229,-28.455169595855303
2024-08-13 00:00:00+00:00,70275.63345119581,-30.11597945197383
2024-08-14 00:00:00+00:00,69886.27724744985,-30.503165957549484
2024-08-15 00:00:00+00:00,69040.34429407486,-31.34438492624032
2024-08-16 00:00:00+00:00,68924.69167524307,-31.459393067667985
2024-08-19 00:00:00+00:00,67883.97534143073,-32.49430998104332
2024-08-20 00:00:00+00:00,68452.48169780376,-31.92897164200086
2024-08-21 00:00:00+00:00,68233.19068136597,-32.14704065320911
2024-08-22 00:00:00+00:00,68986.02067700255,-31.39840582346013
2024-08-23 00:00:00+00:00,68924.40762455807,-31.45967553547273
2024-08-26 00:00:00+00:00,69359.53452185102,-31.02697339480064
2024-08-27 00:00:00+00:00,69328.32220984469,-31.058011775338557
2024-08-28 00:00:00+00:00,69734.16476820993,-30.654430785808863
2024-08-29 00:00:00+00:00,69702.79432676564,-30.685626414604094
2024-08-30 00:00:00+00:00,69884.29416300217,-30.505137991204457
2024-09-02 00:00:00+00:00,69884.29416300217,-30.505137991204457
2024-09-03 00:00:00+00:00,67488.79407657981,-32.88728908741048
2024-09-04 00:00:00+00:00,67351.99327398525,-33.02332756376436
2024-09-05 00:00:00+00:00,67598.07582723073,-32.77861631232526
2024-09-06 00:00:00+00:00,65938.68458599762,-34.42876055015819
2024-09-09 00:00:00+00:00,66416.60067871062,-33.953507658036166
2024-09-10 00:00:00+00:00,66675.06488447999,-33.69648375117291
2024-09-11 00:00:00+00:00,66733.02730671014,-33.63884432613724
2024-09-12 00:00:00+00:00,66503.4988522794,-33.86709372693323
2024-09-13 00:00:00+00:00,66483.55262196714,-33.886928806327646
2024-09-16 00:00:00+00:00,66514.19603357869,-33.856456155971394
2024-09-17 00:00:00+00:00,66484.27411942341,-33.886211329435824
2024-09-18 00:00:00+00:00,66449.01186362674,-33.92127708534076
2024-09-19 00:00:00+00:00,66613.46290871892,-33.75774244822721
2024-09-20 00:00:00+00:00,66864.45470303869,-33.508149312594924
2024-09-23 00:00:00+00:00,66678.96409608211,-33.69260626803485
2024-09-24 00:00:00+00:00,66606.32231632643,-33.7648432494719
2024-09-25 00:00:00+00:00,66479.62472156133,-33.890834818400265
2024-09-26 00:00:00+00:00,66436.62541643834,-33.93359450871102
2024-09-27 00:00:00+00:00,66668.40675451225,-33.703104778528
2024-09-30 00:00:00+00:00,66879.06576896289,-33.493619667238065
2024-10-01 00:00:00+00:00,66607.69957672474,-33.76347366389509
2024-10-02 00:00:00+00:00,66928.70959644052,-33.44425248135651
2024-10-03 00:00:00+00:00,67555.45328572424,-32.82100133854515
2024-10-04 00:00:00+00:00,67464.38582687221,-32.911561321474245
2024-10-07 00:00:00+00:00,67288.73183580776,-33.08623647583505
2024-10-08 00:00:00+00:00,68034.40365171958,-32.34471993665715
2024-10-09 00:00:00+00:00,67796.95933291297,-32.58084109045674
2024-10-10 00:00:00+00:00,67670.90649875886,-32.70619149172036
2024-10-11 00:00:00+00:00,67544.86894262694,-32.83152670009899
2024-10-14 00:00:00+00:00,67072.11035782001,-33.301650824669814
2024-10-15 00:00:00+00:00,67087.15046410279,-33.28669452979358
2024-10-16 00:00:00+00:00,67492.45313801286,-32.88365041619805
2024-10-17 00:00:00+00:00,67725.34704756898,-32.65205431436806
2024-10-18 00:00:00+00:00,67564.49404082817,-32.812010963298064
2024-10-21 00:00:00+00:00,66301.24454914595,-34.068220962391315
2024-10-22 00:00:00+00:00,66010.9968297991,-34.35685126832715
2024-10-23 00:00:00+00:00,66732.60582310997,-33.639263461008426
2024-10-24 00:00:00+00:00,66693.33212529002,-33.67831830506547
2024-10-25 00:00:00+00:00,66450.94542214286,-33.91935430163273
2024-10-28 00:00:00+00:00,66613.79381150418,-33.75741338940684
2024-10-29 00:00:00+00:00,66563.23758423899,-33.80768789070301
2024-10-30 00:00:00+00:00,66601.10002237583,-33.770036442045615
2024-10-31 00:00:00+00:00,66767.21890449332,-33.604843261974516
2024-11-01 00:00:00+00:00,67293.39998638046,-33.081594338660004
2024-11-04 00:00:00+00:00,67158.57203234665,-33.21567096020609
2024-11-05 00:00:00+00:00,67349.32555691652,-33.02598041490624
2024-11-06 00:00:00+00:00,67322.94005354105,-33.05221888433736
2024-11-07 00:00:00+00:00,67775.79556680094,-32.60188692089915
2024-11-08 00:00:00+00:00,67893.9333826164,-32.48440743131646
2024-11-11 00:00:00+00:00,67787.40728071844,-32.590339913577296
2024-11-12 00:00:00+00:00,67704.51857608388,-32.67276671862209
2024-11-13 00:00:00+00:00,67917.16776148522,-32.461302526663886
2024-11-14 00:00:00+00:00,68124.71693985484,-32.25490992180773
2024-11-15 00:00:00+00:00,68664.49823758753,-31.7181365702251
2024-11-18 00:00:00+00:00,68715.74705252725,-31.66717334071828
2024-11-19 00:00:00+00:00,70248.60938013796,-30.14285293065132
2024-11-20 00:00:00+00:00,70012.62218259674,-30.37752508303392
2024-11-21 00:00:00+00:00,70087.29189911197,-30.30327146557077
2024-11-22 00:00:00+00:00,69591.24219330603,-30.79655692072727
2024-11-25 00:00:00+00:00,68834.03421051418,-31.5495453411775
2024-11-26 00:00:00+00:00,68953.58758363656,-31.430658182519966
2024-11-27 00:00:00+00:00,68326.4261777118,-32.05432471423487
2024-11-28 00:00:00+00:00,68326.4261777118,-32.05432471423487
2024-11-29 00:00:00+00:00,68642.90233110532,-31.73961213292357
2024-12-02 00:00:00+00:00,68355.68426038211,-32.02522967303616
2024-12-03 00:00:00+00:00,68468.80792972495,-31.912736388456764
2024-12-04 00:00:00+00:00,68304.81675091217,-32.07581372190842
2024-12-05 00:00:00+00:00,68148.88436442259,-32.23087717087909
2024-12-06 00:00:00+00:00,67756.7280587775,-32.620848174708904
2024-12-09 00:00:00+00:00,67159.93793452998,-33.214312669550296
2024-12-10 00:00:00+00:00,67399.32149906289,-32.97626307652464
2024-12-11 00:00:00+00:00,68698.8226823655,-31.684003399361128
2024-12-12 00:00:00+00:00,68895.79303316036,-31.488130671271676
2024-12-13 00:00:00+00:00,68394.45520523164,-31.98667478034476
2024-12-16 00:00:00+00:00,67750.20165938327,-32.62733820556274
2024-12-17 00:00:00+00:00,67524.56823861758,-32.85171427787608
2024-12-18 00:00:00+00:00,68083.27144449727,-32.296124461000794
2024-12-19 00:00:00+00:00,68316.433647279,-32.06426156101658
2024-12-20 00:00:00+00:00,68988.36970504551,-31.39606988544066
2024-12-23 00:00:00+00:00,69794.05956286161,-30.594869756550192
2024-12-24 00:00:00+00:00,69527.35680006159,-30.860086310858104
2024-12-26 00:00:00+00:00,69406.90015860002,-30.979871704367113
2024-12-27 00:00:00+00:00,69457.33938625774,-30.929713550694892
2024-12-30 00:00:00+00:00,69525.16716676592,-30.862263742361918
2024-12-31 00:00:00+00:00,68847.59063014072,-31.536064465072734
2025-01-01 00:00:00+00:00,68749.16641799617,-31.63394020558399
2025-01-02 00:00:00+00:00,69385.52779352837,-31.001124971345707
2025-01-03 00:00:00+00:00,70430.4462199707,-29.962029381617295
2025-01-06 00:00:00+00:00,70998.08505363401,-29.397553730990357
2025-01-07 00:00:00+00:00,69323.92960497648,-31.062379902295145
2025-01-08 00:00:00+00:00,69254.5071921896,-31.1314154567745
2025-01-09 00:00:00+00:00,69037.84496357196,-31.346870329155152
2025-01-10 00:00:00+00:00,68729.26029036936,-31.65373540576627
2025-01-13 00:00:00+00:00,68175.68405901211,-32.204226818325864
2025-01-14 00:00:00+00:00,67933.61639857732,-32.44494555005506
2025-01-15 00:00:00+00:00,69335.896654593,-31.05047953939225
2025-01-16 00:00:00+00:00,68306.64002427814,-32.07400060878351
2025-01-17 00:00:00+00:00,68923.32425441947,-31.460752868501384
2025-01-20 00:00:00+00:00,69044.33364897098,-31.340417802134258
2025-01-21 00:00:00+00:00,69401.01169420441,-30.985727355132685
2025-01-22 00:00:00+00:00,70952.02680326287,-29.443355320492625
2025-01-23 00:00:00+00:00,70943.9636095658,-29.451373581820704
2025-01-24 00:00:00+00:00,70340.55949796525,-30.05141520738842
2025-01-27 00:00:00+00:00,66503.17461460784,-33.867416157781435
2025-01-28 00:00:00+00:00,65389.411144288984,-34.974973150483
2025-01-29 00:00:00+00:00,66207.34807082839,-34.16159419999705
2025-01-30 00:00:00+00:00,65908.75357655929,-34.458524768221956
2025-01-31 00:00:00+00:00,66675.90869431414,-33.69564464349231
2025-02-01 00:00:00+00:00,66655.904086951,-33.71553777462988
2025-02-03 00:00:00+00:00,66386.29875601777,-33.98364072243013
2025-02-04 00:00:00+00:00,66647.14697006646,-33.72424609223936
2025-02-05 00:00:00+00:00,65310.636370000684,-35.053308950171704
2025-02-06 00:00:00+00:00,64681.45250671236,-35.67898666905079
2025-02-07 00:00:00+00:00,64613.44827591856,-35.7466119443953
2025-02-10 00:00:00+00:00,64058.45214374023,-36.298515345339545
2025-02-11 00:00:00+00:00,64143.146197111004,-36.2142932519141
2025-02-12 00:00:00+00:00,63996.708782929985,-36.35991463957093
2025-02-13 00:00:00+00:00,63953.04287763703,-36.40333721540385
2025-02-14 00:00:00+00:00,63426.71532863632,-36.92673178963991
2025-02-17 00:00:00+00:00,63417.202906212464,-36.93619120382778
2025-02-18 00:00:00+00:00,63336.586834825066,-37.01635803993678
2025-02-19 00:00:00+00:00,63443.31213207509,-36.91022747234547
2025-02-20 00:00:00+00:00,63203.82473110832,-37.148380323173605
2025-02-21 00:00:00+00:00,63320.7181987947,-37.03213824755577
2025-02-24 00:00:00+00:00,63318.59445390381,-37.03425015781975
2025-02-25 00:00:00+00:00,63234.44926087445,-37.117926449443154
2025-02-26 00:00:00+00:00,63507.893848851585,-36.84600563896463
2025-02-27 00:00:00+00:00,64777.23722263491,-35.58373571609614
2025-02-28 00:00:00+00:00,64641.60103688976,-35.71861606546008
2025-03-03 00:00:00+00:00,65673.64480423788,-34.692323390433465
2025-03-04 00:00:00+00:00,65732.91209648318,-34.63338636680674
2025-03-05 00:00:00+00:00,65894.4110012353,-34.472787419149874
2025-03-06 00:00:00+00:00,65803.13653483836,-34.563553256068644
2025-03-07 00:00:00+00:00,65932.55732176492,-34.434853670042166
2025-03-10 00:00:00+00:00,65471.971848341636,-34.89287251822783
2025-03-11 00:00:00+00:00,65383.59577548297,-34.98075611298616
2025-03-12 00:00:00+00:00,65534.67082531641,-34.830522933029314
2025-03-13 00:00:00+00:00,65122.58565830231,-35.24031174409923
2025-03-14 00:00:00+00:00,66422.47453567389,-33.94766653330262
2025-03-17 00:00:00+00:00,66652.53283609271,-33.718890239099906
2025-03-18 00:00:00+00:00,65456.9111518178,-34.90784928860544
2025-03-19 00:00:00+00:00,65480.5388216869,-34.88435328457752
2025-03-20 00:00:00+00:00,65427.06920096213,-34.93752494436797
2025-03-21 00:00:00+00:00,65514.29728566219,-34.85078294057262
2025-03-24 00:00:00+00:00,65752.78582961574,-34.61362338059949
2025-03-25 00:00:00+00:00,66427.63917384102,-33.942530675223935
2025-03-26 00:00:00+00:00,66727.8024815272,-33.64404003583793
2025-03-27 00:00:00+00:00,67448.53252695406,-32.927326278441925
2025-03-28 00:00:00+00:00,67453.04980258763,-32.92283417545126
2025-03-31 00:00:00+00:00,67331.70422176192,-33.043503554685316
2025-04-01 00:00:00+00:00,67177.61697847002,-33.19673214256959
2025-04-02 00:00:00+00:00,67266.65159229265,-33.108193676584975
2025-04-03 00:00:00+00:00,66788.06622998638,-33.58411210877702
2025-04-04 00:00:00+00:00,65389.66922420092,-34.97471650872848
2025-04-07 00:00:00+00:00,65764.09887978922,-34.602373372709714
2025-04-08 00:00:00+00:00,65635.94077453307,-34.729817313394186
2025-04-09 00:00:00+00:00,69157.59622172527,-31.227786388186484
2025-04-10 00:00:00+00:00,70739.74036217712,-29.65445878953792
2025-04-11 00:00:00+00:00,72007.36471085447,-28.393898312460664
2025-04-14 00:00:00+00:00,71868.64528774205,-28.53184471776672
2025-04-15 00:00:00+00:00,71965.45356430349,-28.435575907993027
2025-04-16 00:00:00+00:00,73504.43231557556,-26.905173158204054
2025-04-17 00:00:00+00:00,72400.44684411096,-28.003006640219308
2025-04-21 00:00:00+00:00,70506.65291576574,-29.88624734973372
2025-04-22 00:00:00+00:00,71858.95125097338,-28.541484734248478
2025-04-23 00:00:00+00:00,73081.56433715203,-27.325684693169794
2025-04-24 00:00:00+00:00,73589.47707413901,-26.820602313900277
2025-04-25 00:00:00+00:00,72522.05345407981,-27.882077686434194
2025-04-28 00:00:00+00:00,72968.47746225263,-27.438141388343794
2025-04-29 00:00:00+00:00,72919.07681965658,-27.48726674449823
2025-04-30 00:00:00+00:00,72758.05989873692,-27.64738639419081
2025-05-01 00:00:00+00:00,73367.50347907675,-27.041338954989712
2025-05-02 00:00:00+00:00,72877.1847700506,-27.52892534950385
2025-05-05 00:00:00+00:00,72990.0679858572,-27.41667117852674
2025-05-06 00:00:00+00:00,73116.38436680102,-27.29105869909514
2025-05-07 00:00:00+00:00,72961.7944006063,-27.44478720844501
2025-05-08 00:00:00+00:00,72586.20344458047,-27.81828517352263
2025-05-09 00:00:00+00:00,72715.63220544031,-27.689577657997834
2025-05-12 00:00:00+00:00,71167.83940550331,-29.228745339922778
2025-05-13 00:00:00+00:00,71012.51945321346,-29.383199767500155
2025-05-14 00:00:00+00:00,69999.10760310043,-30.390964352163707
2025-05-15 00:00:00+00:00,70379.52749932914,-30.012664356285512
2025-05-16 00:00:00+00:00,70318.11591445726,-30.073733723409102
2025-05-19 00:00:00+00:00,70222.96121855482,-30.16835816714756
2025-05-20 00:00:00+00:00,69840.21876926308,-30.54896777359787
2025-05-21 00:00:00+00:00,70246.72558499305,-30.144726228295905
2025-05-22 00:00:00+00:00,70149.40086312102,-30.241508605474465
2025-05-23 00:00:00+00:00,69851.54080507587,-30.537708830141508
2025-05-26 00:00:00+00:00,69851.54080507587,-30.537708830141508
2025-05-27 00:00:00+00:00,70604.9365533978,-29.788511400379612
2025-05-28 00:00:00+00:00,70612.00563288505,-29.781481713532532
2025-05-29 00:00:00+00:00,70554.32619799038,-29.83883972818745
2025-05-30 00:00:00+00:00,71109.4703241617,-29.28678915795083
2025-06-02 00:00:00+00:00,71322.1254206689,-29.075319087826557
2025-06-03 00:00:00+00:00,71093.41802254661,-29.302752007672993
2025-06-04 00:00:00+00:00,71318.02487221335,-29.079396785862887
2025-06-05 00:00:00+00:00,71320.90033041744,-29.076537351228847
2025-06-06 00:00:00+00:00,71868.87766812331,-28.53161363233153
2025-06-09 00:00:00+00:00,71723.34954474491,-28.676330796233795
2025-06-10 00:00:00+00:00,71557.45292660328,-28.84130295090116
2025-06-11 00:00:00+00:00,71594.43869355056,-28.80452328815898
2025-06-12 00:00:00+00:00,71711.18709538477,-28.68842547000986
2025-06-13 00:00:00+00:00,71661.82577956887,-28.737511718533703
2025-06-16 00:00:00+00:00,72347.38394358165,-28.05577384627379
2025-06-17 00:00:00+00:00,72227.66617731619,-28.17482448198907
2025-06-18 00:00:00+00:00,72195.02087355558,-28.207287868895246
2025-06-19 00:00:00+00:00,72200.1811116026,-28.20215638641689
2025-06-20 00:00:00+00:00,71958.57721096817,-28.442413942659982
2025-06-23 00:00:00+00:00,71827.82204031941,-28.57244047651861
2025-06-24 00:00:00+00:00,72044.37445844858,-28.357094802704463
2025-06-25 00:00:00+00:00,72293.79484068402,-28.109064322419396
2025-06-26 00:00:00+00:00,72566.69083613141,-27.83768904742363
2025-06-27 00:00:00+00:00,72612.15979682194,-27.792473463768996
2025-06-30 00:00:00+00:00,72642.45827118166,-27.76234382849223
2025-07-01 00:00:00+00:00,72740.79672536929,-27.664553368049326
2025-07-02 00:00:00+00:00,72740.79672536929,-27.664553368049326
2025-07-03 00:00:00+00:00,72740.79672536929,-27.664553368049326
2025-07-04 00:00:00+00:00,72740.79672536929,-27.664553368049326
2025-07-07 00:00:00+00:00,72729.88378643084,-27.67540549433494
2025-07-08 00:00:00+00:00,72745.968200931,-27.659410710677623
2025-07-09 00:00:00+00:00,72645.22162219528,-27.759595876328248
2025-07-10 00:00:00+00:00,72674.90449549632,-27.73007841165631
2025-07-11 00:00:00+00:00,72647.99985952856,-27.75683312079904
2025-07-14 00:00:00+00:00,72619.69264115654,-27.784982596416953
2025-07-15 00:00:00+00:00,71663.6497529038,-28.73569790934042
2025-07-16 00:00:00+00:00,71666.57435416983,-28.7327896054955
2025-07-17 00:00:00+00:00,71577.67165196796,-28.821196894940503
2025-07-18 00:00:00+00:00,71591.0600557492,-28.807883098408126
2025-07-21 00:00:00+00:00,71374.09956930886,-29.02363456656153
2025-07-22 00:00:00+00:00,71375.63186189454,-29.022110812718505
2025-07-23 00:00:00+00:00,71437.45327747137,-28.960633898682854
2025-07-24 00:00:00+00:00,71437.45327747137,-28.960633898682854
2025-07-25 00:00:00+00:00,71394.59330449381,-29.003255033280407
2025-07-28 00:00:00+00:00,71409.77866296461,-28.98815429563797
2025-07-29 00:00:00+00:00,71271.12220235227,-29.126038089304217
2025-07-30 00:00:00+00:00,71193.76650192351,-29.202962722961555
2025-07-31 00:00:00+00:00,71502.11605507959,-28.89633145618401
2025-08-01 00:00:00+00:00,71574.56389409807,-28.82428733474406
2025-08-04 00:00:00+00:00,72214.11763549909,-28.188297524183692
2025-08-05 00:00:00+00:00,72284.00347494488,-28.118801125503236
2025-08-06 00:00:00+00:00,72557.77691828836,-27.84655329221396
2025-08-07 00:00:00+00:00,72557.77691828836,-27.84655329221396
2025-08-08 00:00:00+00:00,72546.89143689876,-27.857378113958674
2025-08-11 00:00:00+00:00,72551.15862447383,-27.853134705403914
2025-08-12 00:00:00+00:00,72529.39128045939,-27.87478075029425
2025-08-13 00:00:00+00:00,72606.274427021,-27.798326037184616
2025-08-14 00:00:00+00:00,72606.274427021,-27.798326037184616
2025-08-15 00:00:00+00:00,72606.274427021,-27.798326037184616
2025-08-18 00:00:00+00:00,72573.60831609815,-27.83081011530455
2025-08-19 00:00:00+00:00,72440.16756751649,-27.963507261639077
2025-08-20 00:00:00+00:00,72353.65684998658,-28.049535895812582
2025-08-21 00:00:00+00:00,72270.08505754596,-28.13264198213782
2025-08-22 00:00:00+00:00,72897.70528555395,-27.50851918513838
2025-08-25 00:00:00+00:00,73058.94265714103,-27.348180313245805
2025-08-26 00:00:00+00:00,73097.36820221957,-27.309968895575654
2025-08-27 00:00:00+00:00,73119.7391945397,-27.287722566226456
2025-08-28 00:00:00+00:00,72914.14233998345,-27.49217372664746
2025-08-29 00:00:00+00:00,72019.43094386322,-28.38189931886772
2025-09-01 00:00:00+00:00,71997.8303336494,-28.40337955908613
2025-09-02 00:00:00+00:00,71473.39465745697,-28.924892803027248
2025-09-03 00:00:00+00:00,71443.34847854644,-28.95477154877817
2025-09-04 00:00:00+00:00,71507.29916578271,-28.89117722850806
2025-09-05 00:00:00+00:00,70936.20967963827,-29.45908430276013
2025-09-08 00:00:00+00:00,71116.77543589176,-29.279524754157105
2025-09-09 00:00:00+00:00,71243.1427071824,-29.153861667966552
2025-09-10 00:00:00+00:00,72007.73790214739,-28.393527200786504
2025-09-11 00:00:00+00:00,71935.57848933765,-28.465284503280706
2025-09-12 00:00:00+00:00,71909.72082352646,-28.49099807653691
2025-09-15 00:00:00+00:00,71248.99610158731,-29.148040891763195
2025-09-16 00:00:00+00:00,71150.54802676124,-29.245940361980516
2025-09-17 00:00:00+00:00,71216.51339949231,-29.18034258310602
2025-09-18 00:00:00+00:00,71779.38371020448,-28.620608882704733
2025-09-19 00:00:00+00:00,71563.25634952783,-28.835531867710717
2025-09-22 00:00:00+00:00,72152.65674656189,-28.249415920624333
2025-09-23 00:00:00+00:00,71567.5858612206,-28.831226482341098
2025-09-24 00:00:00+00:00,71411.50121659761,-28.986441340982548
2025-09-25 00:00:00+00:00,71312.06135023771,-29.085327075948054
2025-09-26 00:00:00+00:00,71382.59867022977,-29.015182827114614
2025-09-29 00:00:00+00:00,71371.89306410236,-29.025828775956995
2025-09-30 00:00:00+00:00,71377.14863804965,-29.020602488840296
2025-10-01 00:00:00+00:00,71419.8307790442,-28.978158195252124
2025-10-02 00:00:00+00:00,71520.3435107205,-28.87820557354175
2025-10-03 00:00:00+00:00,71383.48249905552,-29.014303923449347
2025-10-06 00:00:00+00:00,71088.82205916864,-29.30732235991844
2025-10-07 00:00:00+00:00,71359.95820398408,-29.037697128738515
2025-10-08 00:00:00+00:00,71693.52790848979,-28.705986250599437
2025-10-09 00:00:00+00:00,71543.5337328681,-28.855144579545843
2025-10-10 00:00:00+00:00,70898.91476046544,-29.496171394968574
2025-10-13 00:00:00+00:00,70416.33826396556,-29.97605872064899
2025-10-14 00:00:00+00:00,69540.84004728007,-30.846678199406153
2025-10-15 00:00:00+00:00,69858.72316623852,-30.530566492884283
2025-10-16 00:00:00+00:00,69970.53535918385,-30.41937737646404
2025-10-17 00:00:00+00:00,70159.81877064778,-30.23114875202436
2025-10-20 00:00:00+00:00,70261.18833401515,-30.1303440733411
2025-10-21 00:00:00+00:00,70522.71183602602,-29.870277918248934
2025-10-22 00:00:00+00:00,70441.97028538876,-29.95056953437122
2025-10-23 00:00:00+00:00,70497.89132046419,-29.894960120804114
2025-10-24 00:00:00+00:00,70274.8769872818,-30.116731700471856
2025-10-27 00:00:00+00:00,69895.7741785485,-30.493721948360985
2025-10-28 00:00:00+00:00,70798.28833861672,-29.59623707330975
2025-10-29 00:00:00+00:00,71465.20445335301,-28.93303736699323
2025-10-30 00:00:00+00:00,70335.63322257964,-30.056314030968757
2025-10-31 00:00:00+00:00,70318.50371938836,-30.07334807953166
2025-11-03 00:00:00+00:00,70769.85738462777,-29.624509595024463
2025-11-04 00:00:00+00:00,69804.88133697951,-30.58410828706666
2025-11-05 00:00:00+00:00,70082.35735838125,-30.308178508437333
2025-11-06 00:00:00+00:00,70755.798162864,-29.63849047138769
2025-11-07 00:00:00+00:00,70601.05772654474,-29.792368612363195
2025-11-10 00:00:00+00:00,68630.9369372384,-31.75151084930358
2025-11-11 00:00:00+00:00,67974.50710746458,-32.40428270576942
2025-11-12 00:00:00+00:00,67393.64148594953,-32.98191143760847
2025-11-13 00:00:00+00:00,68064.71261778232,-32.31457986814266
2025-11-14 00:00:00+00:00,68103.03176207584,-32.27647425833623
2025-11-17 00:00:00+00:00,68452.81190143005,-31.92864327844337
2025-11-18 00:00:00+00:00,68500.03838878576,-31.881679961989317
2025-11-19 00:00:00+00:00,67930.89754810114,-32.44764924966207
2025-11-20 00:00:00+00:00,68292.29325816178,-32.0882674271505
2025-11-21 00:00:00+00:00,68493.65788126942,-31.888024913951774
2025-11-24 00:00:00+00:00,67507.43054704326,-32.86875646919204
2025-11-25 00:00:00+00:00,67313.68718785576,-33.06142018817375
2025-11-26 00:00:00+00:00,67175.88616340693,-33.19845331261806
2025-11-27 00:00:00+00:00,67250.73095362158,-33.12402559705851
2025-11-28 00:00:00+00:00,66948.18241334731,-33.4248881772583
2025-12-01 00:00:00+00:00,67046.67945553966,-33.3269400125467
2025-12-02 00:00:00+00:00,67355.22721446115,-33.02011164451084
2025-12-03 00:00:00+00:00,67221.75423840345,-33.152840838732914
2025-12-04 00:00:00+00:00,67591.010127112,-32.78564263863546
2025-12-05 00:00:00+00:00,67630.55534266507,-32.746317789885325
2025-12-08 00:00:00+00:00,67677.33410446336,-32.6997997040257
2025-12-09 00:00:00+00:00,67726.77879903032,-32.65063054138119
2025-12-10 00:00:00+00:00,67910.58501798548,-32.467848587644156
2025-12-11 00:00:00+00:00,67213.99417561042,-33.160557658362265
2025-12-12 00:00:00+00:00,66705.05360429588,-33.66666214432424
2025-12-15 00:00:00+00:00,66749.63464912289,-33.622329528597525
2025-12-16 00:00:00+00:00,66824.22677100275,-33.54815307337151
2025-12-17 00:00:00+00:00,66162.22989914379,-34.20646094942714
2025-12-18 00:00:00+00:00,66245.58739311347,-34.12356796738871
2025-12-19 00:00:00+00:00,67104.57784386352,-33.269364264586606
2025-12-22 00:00:00+00:00,67227.78027800792,-33.146848379400126
2025-12-23 00:00:00+00:00,67404.95468254271,-32.970661284114925
2025-12-24 00:00:00+00:00,67293.62671745368,-33.08136887105194
2025-12-26 00:00:00+00:00,67515.54800660038,-32.860684244401895
2025-12-29 00:00:00+00:00,67210.42994615895,-33.16410202604694
2025-12-30 00:00:00+00:00,67164.20943925403,-33.21006496790398
2025-12-31 00:00:00+00:00,67075.57701505226,-33.298203485480485
