timestamp,equity,drawdown_pct
2022-01-03 00:00:00+00:00,99910.04737588148,0.0
2022-01-04 00:00:00+00:00,99460.35451260807,-0.45009773799983277
2022-01-05 00:00:00+00:00,96435.71748071213,-3.4774579598568556
2022-01-06 00:00:00+00:00,96414.31445396588,-3.4988802565210975
2022-01-07 00:00:00+00:00,95648.08797154464,-4.265796600318383
2022-01-10 00:00:00+00:00,95813.98798729747,-4.099747218789529
2022-01-11 00:00:00+00:00,96252.21278626016,-3.66112787021291
2022-01-12 00:00:00+00:00,96605.68602418657,-3.3073363875639528
2022-01-13 00:00:00+00:00,94409.67761845814,-5.505321938973617
2022-01-14 00:00:00+00:00,93304.22636233228,-6.611768472791113
2022-01-18 00:00:00+00:00,90789.9719083192,-9.128286600896839
2022-01-19 00:00:00+00:00,89413.39539880582,-10.506102491959757
2022-01-20 00:00:00+00:00,88104.7977178615,-11.815878350659048
2022-01-21 00:00:00+00:00,86566.70344716485,-13.355357423179182
2022-01-24 00:00:00+00:00,86809.33121260126,-13.112511211202527
2022-01-25 00:00:00+00:00,85944.94821447582,-13.97767244456023
2022-01-26 00:00:00+00:00,87440.44218831077,-12.480832023487654
2022-01-27 00:00:00+00:00,86284.82878839456,-13.63748586388528
2022-01-28 00:00:00+00:00,88503.40527066002,-11.416911917084171
2022-01-31 00:00:00+00:00,90764.56355050871,-9.153717834769548
2022-02-01 00:00:00+00:00,91313.63048397818,-8.604156556509146
2022-02-02 00:00:00+00:00,91609.41843519874,-8.308102296713082
2022-02-03 00:00:00+00:00,90422.79495945213,-9.495794132432355
2022-02-04 00:00:00+00:00,91275.7017694863,-8.642119419592554
2022-02-07 00:00:00+00:00,91208.81238589242,-8.709069026114335
2022-02-08 00:00:00+00:00,92283.14971807867,-7.63376442922592
2022-02-09 00:00:00+00:00,92873.27350699711,-7.043109330546726
2022-02-10 00:00:00+00:00,91784.30294439933,-8.133060332672526
2022-02-11 00:00:00+00:00,90584.37177636275,-9.334071842077785
2022-02-14 00:00:00+00:00,90786.70847364006,-9.13155297376409
2022-02-15 00:00:00+00:00,91918.76921542431,-7.998472996807204
2022-02-16 00:00:00+00:00,91701.97565873641,-8.215461740564155
2022-02-17 00:00:00+00:00,90801.89026599504,-9.11635751269313
2022-02-18 00:00:00+00:00,90733.55755708873,-9.184751744005249
2022-02-22 00:00:00+00:00,90445.72989139569,-9.472838551341233
2022-02-23 00:00:00+00:00,89722.13932629612,-10.19708059116059
2022-02-24 00:00:00+00:00,90433.42640762654,-9.485153112381184
2022-02-25 00:00:00+00:00,90862.00942215578,-9.056184229084764
2022-02-28 00:00:00+00:00,90859.19735820655,-9.058998824836728
2022-03-01 00:00:00+00:00,90106.60391947355,-9.812269850624155
2022-03-02 00:00:00+00:00,90894.08529332635,-9.02407947884889
2022-03-03 00:00:00+00:00,90612.80205279654,-9.305615968839298
2022-03-04 00:00:00+00:00,91039.75653861364,-8.878277080478236
2022-03-07 00:00:00+00:00,89870.56902317298,-10.048517257666767
2022-03-08 00:00:00+00:00,89937.77342257886,-9.981252351712877
2022-03-09 00:00:00+00:00,91062.49094128361,-8.855522209204448
2022-03-10 00:00:00+00:00,90434.75695296229,-9.483821369107414
2022-03-11 00:00:00+00:00,89827.8701041584,-10.091254620060308
2022-03-14 00:00:00+00:00,89193.75078016371,-10.725944864584969
2022-03-15 00:00:00+00:00,90390.54962958423,-9.528068493935349
2022-03-16 00:00:00+00:00,91190.39402168787,-8.727503973037399
2022-03-17 00:00:00+00:00,91013.14028912151,-8.904917293541093
2022-03-18 00:00:00+00:00,92037.2907494168,-7.879844753596998
2022-03-21 00:00:00+00:00,91831.61625269918,-8.085704426492391
2022-03-22 00:00:00+00:00,92085.70868906908,-7.831383221524934
2022-03-23 00:00:00+00:00,91351.37234368976,-8.566380716438138
2022-03-24 00:00:00+00:00,93691.15138515556,-6.224495087395154
2022-03-25 00:00:00+00:00,93619.6703589857,-6.296040470514564
2022-03-28 00:00:00+00:00,94054.56712773834,-5.860752148493797
2022-03-29 00:00:00+00:00,94777.11150001417,-5.137557243423352
2022-03-30 00:00:00+00:00,93898.026058019,-6.017434157792023
2022-03-31 00:00:00+00:00,93462.62883595306,-6.453223383702289
2022-04-01 00:00:00+00:00,93092.18833754497,-6.823997403070347
2022-04-04 00:00:00+00:00,93932.04329492363,-5.983386293940396
2022-04-05 00:00:00+00:00,92331.65740264018,-7.585213071444041
2022-04-06 00:00:00+00:00,91010.37060855547,-8.90768946775058
2022-04-07 00:00:00+00:00,90980.74386171786,-8.937342888618405
2022-04-08 00:00:00+00:00,89786.32248957761,-10.132839641459078
2022-04-11 00:00:00+00:00,88741.81862204347,-11.178283913549658
2022-04-12 00:00:00+00:00,88845.41732210924,-11.074591939832533
2022-04-13 00:00:00+00:00,89602.62861116636,-10.31669890610356
2022-04-14 00:00:00+00:00,88176.67318940793,-11.743938167029643
2022-04-18 00:00:00+00:00,88851.23620533117,-11.068767817659886
2022-04-19 00:00:00+00:00,89588.32242614467,-10.331017971500323
2022-04-20 00:00:00+00:00,89264.9183294843,-10.654713240549363
2022-04-21 00:00:00+00:00,88458.52712204511,-11.461830471117151
2022-04-22 00:00:00+00:00,87652.77347634167,-12.268309565929346
2022-04-25 00:00:00+00:00,87928.26530990475,-11.992569697118526
2022-04-26 00:00:00+00:00,86034.79323343103,-13.887746534889512
2022-04-27 00:00:00+00:00,85836.04725493991,-14.086671451563204
2022-04-28 00:00:00+00:00,87601.7447071491,-12.319384278165824
2022-04-29 00:00:00+00:00,85778.59385558,-14.14417657829361
2022-05-02 00:00:00+00:00,87027.67580371058,-12.893970036571856
2022-05-03 00:00:00+00:00,87331.51959944378,-12.589852679295376
2022-05-04 00:00:00+00:00,88880.69399444964,-11.039283506629937
2022-05-05 00:00:00+00:00,87421.59188765413,-12.4996992957508
2022-05-06 00:00:00+00:00,87458.8407434614,-12.462416903453322
2022-05-09 00:00:00+00:00,86497.26357731681,-13.424859812250013
2022-05-10 00:00:00+00:00,87324.74853943005,-12.596629835538998
2022-05-11 00:00:00+00:00,86285.97052219254,-13.636343102143123
2022-05-12 00:00:00+00:00,86190.1317536633,-13.732268157777094
2022-05-13 00:00:00+00:00,87089.56173623989,-12.832028385902339
2022-05-16 00:00:00+00:00,86785.78863764214,-13.136074982392177
2022-05-17 00:00:00+00:00,87948.22059758409,-11.97259644297296
2022-05-18 00:00:00+00:00,86040.46184185089,-13.882072822816749
2022-05-19 00:00:00+00:00,84933.52121798618,-14.99001006530466
2022-05-20 00:00:00+00:00,84840.01472887724,-15.083600741682934
2022-05-23 00:00:00+00:00,84591.79688527703,-15.332042064772667
2022-05-24 00:00:00+00:00,84334.29987171426,-15.589770912196798
2022-05-25 00:00:00+00:00,84613.31327374588,-15.31050630432217
2022-05-26 00:00:00+00:00,85513.88849809604,-14.409120259571317
2022-05-27 00:00:00+00:00,87075.33457895314,-12.846268352412638
2022-05-31 00:00:00+00:00,86909.276712193,-13.012475727067763
2022-06-01 00:00:00+00:00,86665.47666717763,-13.256495274069025
2022-06-02 00:00:00+00:00,86926.57013076001,-12.995166738611431
2022-06-03 00:00:00+00:00,86441.47394501018,-13.48069967397758
2022-06-06 00:00:00+00:00,86365.92625749476,-13.556315379804628
2022-06-07 00:00:00+00:00,86791.01782234364,-13.130841089666824
2022-06-08 00:00:00+00:00,86515.21388231874,-13.406893345940185
2022-06-09 00:00:00+00:00,86184.82857201344,-13.737576114072924
2022-06-10 00:00:00+00:00,85644.42570964545,-14.278465520655715
2022-06-13 00:00:00+00:00,84789.5432567555,-15.134117655093926
2022-06-14 00:00:00+00:00,84881.71783366388,-15.04186009008487
2022-06-15 00:00:00+00:00,85089.57301200701,-14.83381777221754
2022-06-16 00:00:00+00:00,85089.57301200701,-14.83381777221754
2022-06-17 00:00:00+00:00,85089.57301200701,-14.83381777221754
2022-06-21 00:00:00+00:00,85089.57301200701,-14.83381777221754
2022-06-22 00:00:00+00:00,85089.57301200701,-14.83381777221754
2022-06-23 00:00:00+00:00,85089.57301200701,-14.83381777221754
2022-06-24 00:00:00+00:00,85089.57301200701,-14.83381777221754
2022-06-27 00:00:00+00:00,85089.57301200701,-14.83381777221754
2022-06-28 00:00:00+00:00,85089.57301200701,-14.83381777221754
2022-06-29 00:00:00+00:00,85089.57301200701,-14.83381777221754
2022-06-30 00:00:00+00:00,85089.57301200701,-14.83381777221754
2022-07-01 00:00:00+00:00,85089.57301200701,-14.83381777221754
2022-07-05 00:00:00+00:00,85089.57301200701,-14.83381777221754
2022-07-06 00:00:00+00:00,85089.57301200701,-14.83381777221754
2022-07-07 00:00:00+00:00,85089.57301200701,-14.83381777221754
2022-07-08 00:00:00+00:00,85089.57301200701,-14.83381777221754
2022-07-11 00:00:00+00:00,85089.57301200701,-14.83381777221754
2022-07-12 00:00:00+00:00,85089.57301200701,-14.83381777221754
2022-07-13 00:00:00+00:00,85089.57301200701,-14.83381777221754
2022-07-14 00:00:00+00:00,85089.57301200701,-14.83381777221754
2022-07-15 00:00:00+00:00,85089.57301200701,-14.83381777221754
2022-07-18 00:00:00+00:00,85089.57301200701,-14.83381777221754
2022-07-19 00:00:00+00:00,85089.57301200701,-14.83381777221754
2022-07-20 00:00:00+00:00,85089.57301200701,-14.83381777221754
2022-07-21 00:00:00+00:00,85089.57301200701,-14.83381777221754
2022-07-22 00:00:00+00:00,85089.57301200701,-14.83381777221754
2022-07-25 00:00:00+00:00,85089.57301200701,-14.83381777221754
2022-07-26 00:00:00+00:00,85089.57301200701,-14.83381777221754
2022-07-27 00:00:00+00:00,85089.57301200701,-14.83381777221754
2022-07-28 00:00:00+00:00,85089.57301200701,-14.83381777221754
2022-07-29 00:00:00+00:00,85089.57301200701,-14.83381777221754
2022-08-01 00:00:00+00:00,85089.57301200701,-14.83381777221754
2022-08-02 00:00:00+00:00,85089.57301200701,-14.83381777221754
2022-08-03 00:00:00+00:00,85089.57301200701,-14.83381777221754
2022-08-04 00:00:00+00:00,85089.57301200701,-14.83381777221754
2022-08-05 00:00:00+00:00,85089.57301200701,-14.83381777221754
2022-08-08 00:00:00+00:00,85089.57301200701,-14.83381777221754
2022-08-09 00:00:00+00:00,85089.57301200701,-14.83381777221754
2022-08-10 00:00:00+00:00,85089.57301200701,-14.83381777221754
2022-08-11 00:00:00+00:00,85089.57301200701,-14.83381777221754
2022-08-12 00:00:00+00:00,85089.57301200701,-14.83381777221754
2022-08-15 00:00:00+00:00,85089.57301200701,-14.83381777221754
2022-08-16 00:00:00+00:00,85089.57301200701,-14.83381777221754
2022-08-17 00:00:00+00:00,85089.57301200701,-14.83381777221754
2022-08-18 00:00:00+00:00,85089.57301200701,-14.83381777221754
2022-08-19 00:00:00+00:00,85089.57301200701,-14.83381777221754
2022-08-22 00:00:00+00:00,85089.57301200701,-14.83381777221754
2022-08-23 00:00:00+00:00,85089.57301200701,-14.83381777221754
2022-08-24 00:00:00+00:00,85089.57301200701,-14.83381777221754
2022-08-25 00:00:00+00:00,85089.57301200701,-14.83381777221754
2022-08-26 00:00:00+00:00,85089.57301200701,-14.83381777221754
2022-08-29 00:00:00+00:00,85089.57301200701,-14.83381777221754
2022-08-30 00:00:00+00:00,85089.57301200701,-14.83381777221754
2022-08-31 00:00:00+00:00,85089.57301200701,-14.83381777221754
2022-09-01 00:00:00+00:00,85089.57301200701,-14.83381777221754
2022-09-02 00:00:00+00:00,85089.57301200701,-14.83381777221754
2022-09-06 00:00:00+00:00,85089.57301200701,-14.83381777221754
2022-09-07 00:00:00+00:00,85089.57301200701,-14.83381777221754
2022-09-08 00:00:00+00:00,85089.57301200701,-14.83381777221754
2022-09-09 00:00:00+00:00,85089.57301200701,-14.83381777221754
2022-09-12 00:00:00+00:00,85089.57301200701,-14.83381777221754
2022-09-13 00:00:00+00:00,85089.57301200701,-14.83381777221754
2022-09-14 00:00:00+00:00,85089.57301200701,-14.83381777221754
2022-09-15 00:00:00+00:00,85089.57301200701,-14.83381777221754
2022-09-16 00:00:00+00:00,85089.57301200701,-14.83381777221754
2022-09-19 00:00:00+00:00,85089.57301200701,-14.83381777221754
2022-09-20 00:00:00+00:00,85089.57301200701,-14.83381777221754
2022-09-21 00:00:00+00:00,85089.57301200701,-14.83381777221754
2022-09-22 00:00:00+00:00,85089.57301200701,-14.83381777221754
2022-09-23 00:00:00+00:00,85089.57301200701,-14.83381777221754
2022-09-26 00:00:00+00:00,85089.57301200701,-14.83381777221754
2022-09-27 00:00:00+00:00,85089.57301200701,-14.83381777221754
2022-09-28 00:00:00+00:00,85089.57301200701,-14.83381777221754
2022-09-29 00:00:00+00:00,85089.57301200701,-14.83381777221754
2022-09-30 00:00:00+00:00,85089.57301200701,-14.83381777221754
2022-10-03 00:00:00+00:00,85089.57301200701,-14.83381777221754
2022-10-04 00:00:00+00:00,85089.57301200701,-14.83381777221754
2022-10-05 00:00:00+00:00,85089.57301200701,-14.83381777221754
2022-10-06 00:00:00+00:00,85089.57301200701,-14.83381777221754
2022-10-07 00:00:00+00:00,85089.57301200701,-14.83381777221754
2022-10-10 00:00:00+00:00,85089.57301200701,-14.83381777221754
2022-10-11 00:00:00+00:00,85089.57301200701,-14.83381777221754
2022-10-12 00:00:00+00:00,85089.57301200701,-14.83381777221754
2022-10-13 00:00:00+00:00,85089.57301200701,-14.83381777221754
2022-10-14 00:00:00+00:00,85089.57301200701,-14.83381777221754
2022-10-17 00:00:00+00:00,85089.57301200701,-14.83381777221754
2022-10-18 00:00:00+00:00,85089.57301200701,-14.83381777221754
2022-10-19 00:00:00+00:00,85089.57301200701,-14.83381777221754
2022-10-20 00:00:00+00:00,85089.57301200701,-14.83381777221754
2022-10-21 00:00:00+00:00,85089.57301200701,-14.83381777221754
2022-10-24 00:00:00+00:00,85089.57301200701,-14.83381777221754
2022-10-25 00:00:00+00:00,85089.57301200701,-14.83381777221754
2022-10-26 00:00:00+00:00,85089.57301200701,-14.83381777221754
2022-10-27 00:00:00+00:00,85089.57301200701,-14.83381777221754
2022-10-28 00:00:00+00:00,85089.57301200701,-14.83381777221754
2022-10-31 00:00:00+00:00,85089.57301200701,-14.83381777221754
2022-11-01 00:00:00+00:00,85089.57301200701,-14.83381777221754
2022-11-02 00:00:00+00:00,85089.57301200701,-14.83381777221754
2022-11-03 00:00:00+00:00,85089.57301200701,-14.83381777221754
2022-11-04 00:00:00+00:00,85089.57301200701,-14.83381777221754
2022-11-07 00:00:00+00:00,85089.57301200701,-14.83381777221754
2022-11-08 00:00:00+00:00,85089.57301200701,-14.83381777221754
2022-11-09 00:00:00+00:00,85089.57301200701,-14.83381777221754
2022-11-10 00:00:00+00:00,85089.57301200701,-14.83381777221754
2022-11-11 00:00:00+00:00,85089.57301200701,-14.83381777221754
2022-11-14 00:00:00+00:00,85089.57301200701,-14.83381777221754
2022-11-15 00:00:00+00:00,85089.57301200701,-14.83381777221754
2022-11-16 00:00:00+00:00,85089.57301200701,-14.83381777221754
2022-11-17 00:00:00+00:00,85089.57301200701,-14.83381777221754
2022-11-18 00:00:00+00:00,85089.57301200701,-14.83381777221754
2022-11-21 00:00:00+00:00,85089.57301200701,-14.83381777221754
2022-11-22 00:00:00+00:00,85089.57301200701,-14.83381777221754
2022-11-23 00:00:00+00:00,85089.57301200701,-14.83381777221754
2022-11-25 00:00:00+00:00,85089.57301200701,-14.83381777221754
2022-11-28 00:00:00+00:00,85089.57301200701,-14.83381777221754
2022-11-29 00:00:00+00:00,85089.57301200701,-14.83381777221754
2022-11-30 00:00:00+00:00,85089.57301200701,-14.83381777221754
2022-12-01 00:00:00+00:00,85089.57301200701,-14.83381777221754
2022-12-02 00:00:00+00:00,85089.57301200701,-14.83381777221754
2022-12-05 00:00:00+00:00,85089.57301200701,-14.83381777221754
2022-12-06 00:00:00+00:00,85058.94862452938,-14.86446973193728
2022-12-07 00:00:00+00:00,85044.99029734296,-14.878440626309807
2022-12-08 00:00:00+00:00,85259.02744734981,-14.664210770926378
2022-12-09 00:00:00+00:00,85147.35609661759,-14.775982663408927
2022-12-12 00:00:00+00:00,85465.30918226854,-14.457743313111404
2022-12-13 00:00:00+00:00,85445.14557636343,-14.477925073039156
2022-12-14 00:00:00+00:00,85341.22964071932,-14.581934567953281
2022-12-15 00:00:00+00:00,84827.85287459717,-15.09577354571967
2022-12-16 00:00:00+00:00,84702.22083005808,-15.22151870132593
2022-12-19 00:00:00+00:00,84821.64759587847,-15.101984411274916
2022-12-20 00:00:00+00:00,84919.36061942429,-15.004183413164885
2022-12-21 00:00:00+00:00,85147.35609661759,-14.775982663408927
2022-12-22 00:00:00+00:00,84914.70784369549,-15.008840377955723
2022-12-23 00:00:00+00:00,85010.86836425142,-14.912593280610087
2022-12-27 00:00:00+00:00,85082.21486979384,-14.841182539231902
2022-12-28 00:00:00+00:00,85193.8862205261,-14.72941064674933
2022-12-29 00:00:00+00:00,85311.7604833566,-14.61143025746271
2022-12-30 00:00:00+00:00,85448.24821572276,-14.474819640261549
2023-01-03 00:00:00+00:00,85606.4473237431,-14.316478099870567
2023-01-04 00:00:00+00:00,85801.87337083473,-14.120876103650504
2023-01-05 00:00:00+00:00,85642.12175982453,-14.28077154480587
2023-01-06 00:00:00+00:00,86043.82717521445,-13.878704459522018
2023-01-09 00:00:00+00:00,85955.41970312626,-13.96719152805036
2023-01-10 00:00:00+00:00,86115.23979389244,-13.807227545484213
2023-01-11 00:00:00+00:00,86390.1663959348,-13.532053417092483
2023-01-12 00:00:00+00:00,86504.79762599072,-13.417318980399983
2023-01-13 00:00:00+00:00,86945.2566263353,-12.97646341890928
2023-01-17 00:00:00+00:00,86611.10013874044,-13.310920759658684
2023-01-18 00:00:00+00:00,85777.4263440292,-14.145345140997224
2023-01-19 00:00:00+00:00,85097.9512014479,-14.825432039590103
2023-01-20 00:00:00+00:00,85420.38825920828,-14.502704680101107
2023-01-23 00:00:00+00:00,86149.35444064556,-13.773082184082497
2023-01-24 00:00:00+00:00,86438.8307689837,-13.483345229750899
2023-01-25 00:00:00+00:00,86597.23326703045,-13.324800116214108
2023-01-26 00:00:00+00:00,87450.8384655824,-12.47042638607211
2023-01-27 00:00:00+00:00,87533.74113804422,-12.387449073340074
2023-01-30 00:00:00+00:00,86360.5079976414,-13.561738517913035
2023-01-31 00:00:00+00:00,86818.46004454684,-13.103374160239845
2023-02-01 00:00:00+00:00,88153.02758175596,-11.7676050636762
2023-02-02 00:00:00+00:00,88572.1413083258,-11.348113993881137
2023-02-03 00:00:00+00:00,88285.96602428237,-11.634546931868616
2023-02-06 00:00:00+00:00,88540.8272174854,-11.37945627792849
2023-02-07 00:00:00+00:00,89863.40188937433,-10.05569084429483
2023-02-08 00:00:00+00:00,89266.8336805695,-10.652796165004396
2023-02-09 00:00:00+00:00,88910.91320036874,-11.009037093268315
2023-02-10 00:00:00+00:00,88210.06786548819,-11.710513424516389
2023-02-13 00:00:00+00:00,89010.75485596279,-10.90910554662573
2023-02-14 00:00:00+00:00,89786.7865141349,-10.132375199123722
2023-02-15 00:00:00+00:00,89961.66164515764,-9.957342621704534
2023-02-16 00:00:00+00:00,88988.60286428075,-10.931277482545953
2023-02-17 00:00:00+00:00,88546.23521196179,-11.374043414439361
2023-02-21 00:00:00+00:00,87243.47211103751,-12.67797944003548
2023-02-22 00:00:00+00:00,86938.03121218625,-12.983695338359635
2023-02-23 00:00:00+00:00,88947.49378535949,-10.972423573455714
2023-02-24 00:00:00+00:00,88722.74391981185,-11.197375789424624
2023-02-27 00:00:00+00:00,89305.31232610997,-10.614282875749604
2023-02-28 00:00:00+00:00,89653.93201301963,-10.265349313944672
2023-03-01 00:00:00+00:00,89225.69773446489,-10.693969147286996
2023-03-02 00:00:00+00:00,89509.39960104256,-10.41001185367234
2023-03-03 00:00:00+00:00,91444.46059845295,-8.473208650957098
2023-03-06 00:00:00+00:00,91139.3872223552,-8.778556695633732
2023-03-07 00:00:00+00:00,90066.25960106272,-9.852650492481974
2023-03-08 00:00:00+00:00,90673.99543156628,-9.244367495460526
2023-03-09 00:00:00+00:00,88767.19693637747,-11.152882750202675
2023-03-10 00:00:00+00:00,88751.58861272017,-11.168505126597495
2023-03-13 00:00:00+00:00,88438.73196862463,-11.481643446829203
2023-03-14 00:00:00+00:00,90124.5535542978,-9.794304055095381
2023-03-15 00:00:00+00:00,88996.42954228776,-10.923443757898054
2023-03-16 00:00:00+00:00,90463.40551851815,-9.455147010213283
2023-03-17 00:00:00+00:00,89597.66196744374,-10.321670021474905
2023-03-20 00:00:00+00:00,90355.08435692535,-9.563565697260113
2023-03-21 00:00:00+00:00,90778.61064976726,-9.139658088400193
2023-03-22 00:00:00+00:00,90132.20916797739,-9.786641548790298
2023-03-23 00:00:00+00:00,90962.77677798334,-8.955326148767329
2023-03-24 00:00:00+00:00,90537.43050325652,-9.381055378107582
2023-03-27 00:00:00+00:00,90324.56077598194,-9.594116759685868
2023-03-28 00:00:00+00:00,90154.80927110914,-9.764021097969444
2023-03-29 00:00:00+00:00,90953.79445940086,-8.964316554455642
2023-03-30 00:00:00+00:00,91652.19309306364,-8.265289127278807
2023-03-31 00:00:00+00:00,92726.61025079264,-7.189904632977817
2023-04-03 00:00:00+00:00,92851.42326547833,-7.064979244627123
2023-04-04 00:00:00+00:00,92248.41873578556,-7.668526681076782
2023-04-05 00:00:00+00:00,91507.54231187787,-8.410070142787252
2023-04-06 00:00:00+00:00,91711.84412039601,-8.20558439397211
2023-04-10 00:00:00+00:00,91906.9815048123,-8.010271320320816
2023-04-11 00:00:00+00:00,91134.13264474784,-8.783816004127099
2023-04-12 00:00:00+00:00,90575.80808969314,-9.342643238943804
2023-04-13 00:00:00+00:00,91452.28522822364,-8.465376976389628
2023-04-14 00:00:00+00:00,91238.79722480646,-8.679057190766859
2023-04-17 00:00:00+00:00,91930.95107229252,-7.986280172173288
2023-04-18 00:00:00+00:00,92781.36819587056,-7.135097387344247
2023-04-19 00:00:00+00:00,93055.09538722715,-6.861123749511034
2023-04-20 00:00:00+00:00,92333.4898453712,-7.583378978898658
2023-04-21 00:00:00+00:00,92169.87240091228,-7.747143734052209
2023-04-24 00:00:00+00:00,92080.24118600087,-7.8368556471836275
2023-04-25 00:00:00+00:00,90359.71668058254,-9.558929202954625
2023-04-26 00:00:00+00:00,90939.73735344141,-8.978386316535293
2023-04-27 00:00:00+00:00,92143.11628290665,-7.773923941557237
2023-04-28 00:00:00+00:00,93084.98022768242,-6.83121200265454
2023-05-01 00:00:00+00:00,94513.37813965359,-5.401528052453564
2023-05-02 00:00:00+00:00,92781.07342379703,-7.135392424811715
2023-05-03 00:00:00+00:00,92014.39803514222,-7.902758079009065
2023-05-04 00:00:00+00:00,91409.86443248796,-8.50783596509983
2023-05-05 00:00:00+00:00,93877.28393173349,-6.038194958962972
2023-05-08 00:00:00+00:00,94060.36181878546,-5.854952240277034
2023-05-09 00:00:00+00:00,93082.91304856549,-6.8332810429274975
2023-05-10 00:00:00+00:00,93873.37305951475,-6.04210935228121
2023-05-11 00:00:00+00:00,93616.47710210548,-6.299236602399294
2023-05-12 00:00:00+00:00,93180.16563068636,-6.735940900794457
2023-05-15 00:00:00+00:00,93983.69553660958,-5.931687547875719
2023-05-16 00:00:00+00:00,94128.96800931034,-5.7862842811209685
2023-05-17 00:00:00+00:00,96006.38269502351,-3.9071792911593795
2023-05-18 00:00:00+00:00,98050.84422691299,-1.8608770567126176
2023-05-19 00:00:00+00:00,97934.30859925019,-1.9775176056099464
2023-05-22 00:00:00+00:00,97613.55577447626,-2.298559215736684
2023-05-23 00:00:00+00:00,97001.46125143598,-2.9112048295831805
2023-05-24 00:00:00+00:00,96436.59434055851,-3.476580310541888
2023-05-25 00:00:00+00:00,102811.81183527767,0.0
2023-05-26 00:00:00+00:00,106928.90155755564,0.0
2023-05-30 00:00:00+00:00,107843.52249808611,0.0
2023-05-31 00:00:00+00:00,106057.92288283474,-1.6557319103547075
2023-06-01 00:00:00+00:00,107788.71669601614,-0.050819744014707346
2023-06-02 00:00:00+00:00,109429.47159165757,0.0
2023-06-05 00:00:00+00:00,109035.10635196837,-0.36038302474931116
2023-06-06 00:00:00+00:00,108648.82214386774,-0.7133813555299406
2023-06-07 00:00:00+00:00,106143.82779022839,-3.002521855985696
2023-06-08 00:00:00+00:00,108323.83414015752,-1.0103653388968237
2023-06-09 00:00:00+00:00,108354.5215442528,-0.9823222499108941
2023-06-12 00:00:00+00:00,111927.41370538982,0.0
2023-06-13 00:00:00+00:00,112855.86989175966,0.0
2023-06-14 00:00:00+00:00,115180.99814132688,0.0
2023-06-15 00:00:00+00:00,115931.7525564894,0.0
2023-06-16 00:00:00+00:00,114622.26056562772,-1.1295369577231429
2023-06-20 00:00:00+00:00,115030.562860818,-0.7773450118700564
2023-06-21 00:00:00+00:00,113311.18064708341,-2.2604436244755943
2023-06-22 00:00:00+00:00,114788.24406529694,-0.9863634991934322
2023-06-23 00:00:00+00:00,113043.74919078502,-2.4911237016771226
2023-06-26 00:00:00+00:00,111257.93019916702,-4.031529114549526
2023-06-27 00:00:00+00:00,113891.2292554995,-1.760107352811413
2023-06-28 00:00:00+00:00,113458.69054938592,-2.133205056050924
2023-06-29 00:00:00+00:00,114225.44386644669,-1.4718216989010768
2023-06-30 00:00:00+00:00,116794.3182325215,0.0
2023-07-03 00:00:00+00:00,117114.52238074482,0.0
2023-07-05 00:00:00+00:00,116208.13987987456,-0.7739283587082091
2023-07-06 00:00:00+00:00,114897.12741245821,-1.8933561126413978
2023-07-07 00:00:00+00:00,115450.55513337602,-1.4208035122742158
2023-07-10 00:00:00+00:00,115336.3630103567,-1.518308177535188
2023-07-11 00:00:00+00:00,116473.9909123813,-0.5469274478882458
2023-07-12 00:00:00+00:00,118608.8225380295,0.0
2023-07-13 00:00:00+00:00,121211.33907541216,0.0
2023-07-14 00:00:00+00:00,121247.47814963124,0.0
2023-07-17 00:00:00+00:00,123026.45352973633,0.0
2023-07-18 00:00:00+00:00,123677.79213296028,0.0
2023-07-19 00:00:00+00:00,124179.53340407003,0.0
2023-07-20 00:00:00+00:00,121033.55833082573,-2.533408676136306
2023-07-21 00:00:00+00:00,120303.81832486826,-3.121057853060616
2023-07-24 00:00:00+00:00,120856.14032120442,-2.67628085865933
2023-07-25 00:00:00+00:00,122226.29626179211,-1.572913900330286
2023-07-26 00:00:00+00:00,120590.13594003803,-2.8904903776312274
2023-07-27 00:00:00+00:00,120236.54064823686,-3.175235602635895
2023-07-28 00:00:00+00:00,122772.89531499782,-1.132745510079447
2023-07-31 00:00:00+00:00,123289.48279353562,-0.7167450111430718
2023-08-01 00:00:00+00:00,123152.64493422091,-0.8269385797317397
2023-08-02 00:00:00+00:00,119034.54867849297,-4.143182523351651
2023-08-03 00:00:00+00:00,119142.92695014193,-4.05590705316905
2023-08-04 00:00:00+00:00,121801.06505024525,-1.91534650568016
2023-08-07 00:00:00+00:00,123571.17119022999,-0.4899053790615171
2023-08-08 00:00:00+00:00,121722.26710745515,-1.9788013606228727
2023-08-09 00:00:00+00:00,118182.94267018625,-4.828968646847265
2023-08-10 00:00:00+00:00,118010.48280959652,-4.967848102955841
2023-08-11 00:00:00+00:00,116720.7488305424,-6.0064524073039856
2023-08-14 00:00:00+00:00,120108.34101224612,-3.278472933681087
2023-08-15 00:00:00+00:00,118044.68801763713,-4.940303138739144
2023-08-16 00:00:00+00:00,116430.0284663061,-6.24056535350932
2023-08-17 00:00:00+00:00,115242.17340558497,-7.197128023829514
2023-08-18 00:00:00+00:00,115007.15872851314,-7.3863819778664634
2023-08-21 00:00:00+00:00,119229.33225792117,-3.9863260961380043
2023-08-22 00:00:00+00:00,117690.0943613123,-5.225852332398151
2023-08-23 00:00:00+00:00,120210.58826208115,-3.196134687569052
2023-08-24 00:00:00+00:00,117672.45917940943,-5.240053691848812
2023-08-25 00:00:00+00:00,117647.52737423532,-5.260130917532191
2023-08-28 00:00:00+00:00,118597.89364363956,-4.494814570021188
2023-08-29 00:00:00+00:00,121855.630100797,-1.8714060518420839
2023-08-30 00:00:00+00:00,122393.09230550053,-1.4385954348504204
2023-08-31 00:00:00+00:00,124182.28795654568,0.0
2023-09-01 00:00:00+00:00,122140.228494016,-1.6444047666799633
2023-09-05 00:00:00+00:00,121622.48002100599,-2.061330949575857
2023-09-06 00:00:00+00:00,119702.97243593312,-3.6070486333606433
2023-09-07 00:00:00+00:00,118801.6294576311,-4.332871126353699
2023-09-08 00:00:00+00:00,118829.64392423921,-4.310311977968617
2023-09-11 00:00:00+00:00,120532.63831975365,-2.938945397808368
2023-09-12 00:00:00+00:00,119078.49732158921,-4.1099183457969595
2023-09-13 00:00:00+00:00,120895.20432040603,-2.6469826657484985
2023-09-14 00:00:00+00:00,122245.6017742954,-1.5595510552422587
2023-09-15 00:00:00+00:00,118786.84682639127,-4.344775103549714
2023-09-18 00:00:00+00:00,118833.78528048388,-4.306977077063823
2023-09-19 00:00:00+00:00,117824.93658020407,-5.119370468167084
2023-09-20 00:00:00+00:00,115150.67014324006,-7.2728711653839095
2023-09-21 00:00:00+00:00,111679.97806649539,-10.067707799380498
2023-09-22 00:00:00+00:00,112624.77293523728,-9.306894897404893
2023-09-25 00:00:00+00:00,113906.9622764945,-8.274389084896526
2023-09-26 00:00:00+00:00,110940.03688854858,-10.66355861685434
2023-09-27 00:00:00+00:00,111185.94216023374,-10.465539015402637
2023-09-28 00:00:00+00:00,112119.52512415346,-9.713754699553668
2023-09-29 00:00:00+00:00,112727.09442021069,-9.224498698512818
2023-10-02 00:00:00+00:00,114583.12146971711,-7.729899847059951
2023-10-03 00:00:00+00:00,111949.0863571814,-9.851003553457616
2023-10-04 00:00:00+00:00,113184.82344051695,-8.855904249305668
2023-10-05 00:00:00+00:00,113225.95912618807,-8.82277900548224
2023-10-06 00:00:00+00:00,114771.99205822432,-7.577808440455092
2023-10-09 00:00:00+00:00,114673.49474564525,-7.657125156389277
2023-10-10 00:00:00+00:00,115354.42443242669,-7.108794393615991
2023-10-11 00:00:00+00:00,117303.23656252112,-5.539478702817668
2023-10-12 00:00:00+00:00,118546.82599065079,-4.538056158110793
2023-10-13 00:00:00+00:00,115901.78616852884,-6.668021602979635
2023-10-16 00:00:00+00:00,117902.49790652,-5.056912828199078
2023-10-17 00:00:00+00:00,115554.546933296,-6.947642184100145
2023-10-18 00:00:00+00:00,114210.50467508714,-8.0299561600507
2023-10-19 00:00:00+00:00,113448.41493911948,-8.643642498503679
2023-10-20 00:00:00+00:00,111763.29862814322,-10.000612432546063
2023-10-23 00:00:00+00:00,112649.14381560485,-9.287269811759746
2023-10-24 00:00:00+00:00,113745.31897452964,-8.404555233889866
2023-10-25 00:00:00+00:00,111838.84504755824,-9.939777332260713
2023-10-26 00:00:00+00:00,109506.91859091789,-11.817602660665305
2023-10-27 00:00:00+00:00,109201.05547328555,-12.06390438586734
2023-10-30 00:00:00+00:00,110405.00933083196,-11.094399090581032
2023-10-31 00:00:00+00:00,110699.11610247876,-10.857564372453021
2023-11-01 00:00:00+00:00,113633.45431367595,-8.494636245195464
2023-11-02 00:00:00+00:00,116020.6365709915,-6.572315198774681
2023-11-03 00:00:00+00:00,117773.53853807371,-5.160759657379277
2023-11-06 00:00:00+00:00,119019.24805498161,-4.157629873408952
2023-11-07 00:00:00+00:00,120917.63085370183,-2.6289233002263823
2023-11-08 00:00:00+00:00,121824.91813779634,-1.8983140490810069
2023-11-09 00:00:00+00:00,121367.70202246636,-2.266495472417307
2023-11-10 00:00:00+00:00,125579.00792248987,0.0
2023-11-13 00:00:00+00:00,124726.76791000181,-0.6786484672773319
2023-11-14 00:00:00+00:00,127936.483786208,0.0
2023-11-15 00:00:00+00:00,127094.44313185681,-0.6581708590321367
2023-11-16 00:00:00+00:00,127531.89728276305,-0.31624013062688805
2023-11-17 00:00:00+00:00,128696.95178148212,0.0
2023-11-20 00:00:00+00:00,130710.65372088605,0.0
2023-11-21 00:00:00+00:00,129018.33777875619,-1.2947039081784073
2023-11-22 00:00:00+00:00,129225.300271871,-1.1363675467393919
2023-11-24 00:00:00+00:00,128868.31243073665,-1.4094805876217698
2023-11-27 00:00:00+00:00,128463.24774016059,-1.7193747538930437
2023-11-28 00:00:00+00:00,128196.47779136452,-1.9234667243652526
2023-11-29 00:00:00+00:00,127879.44184830802,-2.16601462236099
2023-11-30 00:00:00+00:00,126969.68657132931,-2.862021605021614
2023-12-01 00:00:00+00:00,127433.61795762349,-2.50709155679093
2023-12-04 00:00:00+00:00,125758.79292700448,-3.788414067957735
2023-12-05 00:00:00+00:00,127033.71571530541,-2.813036199353891
2023-12-06 00:00:00+00:00,124895.93479307667,-4.448542457928406
2023-12-07 00:00:00+00:00,127117.221152708,-2.7491504830595592
2023-12-08 00:00:00+00:00,129056.89944861708,-1.2652023574148186
2023-12-11 00:00:00+00:00,130649.18215345219,-0.04702873536622798
2023-12-12 00:00:00+00:00,133579.76260446667,0.0
2023-12-13 00:00:00+00:00,135126.56653334157,0.0
2023-12-14 00:00:00+00:00,135582.65935503412,0.0
2023-12-15 00:00:00+00:00,137780.2898250993,0.0
2023-12-18 00:00:00+00:00,140333.5599913684,0.0
2023-12-19 00:00:00+00:00,140285.19474064998,-0.03446449354053138
2023-12-20 00:00:00+00:00,137411.04465428262,-2.082549133126488
2023-12-21 00:00:00+00:00,139233.50147603377,-0.7838884122958967
2023-12-22 00:00:00+00:00,138795.65879683956,-1.0958898175343457
2023-12-26 00:00:00+00:00,139501.1256167588,-0.5931826817910268
2023-12-27 00:00:00+00:00,139543.47438565522,-0.5630054605340162
2023-12-28 00:00:00+00:00,139747.1655061969,-0.41785762807383664
2023-12-29 00:00:00+00:00,139036.460970434,-0.9242970968699082
2024-01-02 00:00:00+00:00,136337.8369854421,-2.847303956496283
2024-01-03 00:00:00+00:00,134460.25045254146,-4.185249443674211
2024-01-04 00:00:00+00:00,132944.488949646,-5.265362784338179
2024-01-05 00:00:00+00:00,133840.64736628477,-4.6267711198112575
2024-01-08 00:00:00+00:00,138097.5366556968,-1.5933632238853912
2024-01-09 00:00:00+00:00,139251.87152629867,-0.770798136337647
2024-01-10 00:00:00+00:00,140994.94626818705,0.0
2024-01-11 00:00:00+00:00,142202.05102265434,0.0
2024-01-12 00:00:00+00:00,142180.40735900277,-0.01522035968954949
2024-01-16 00:00:00+00:00,142581.79798814238,0.0
2024-01-17 00:00:00+00:00,141333.33501514932,-0.8756117475085312
2024-01-18 00:00:00+00:00,144437.80163442844,0.0
2024-01-19 00:00:00+00:00,149411.0916374439,0.0
2024-01-22 00:00:00+00:00,149678.5085398414,0.0
2024-01-23 00:00:00+00:00,150342.95186225118,0.0
2024-01-24 00:00:00+00:00,152675.10823782263,0.0
2024-01-25 00:00:00+00:00,152842.8730750955,0.0
2024-01-26 00:00:00+00:00,151825.92033638092,-0.6653582978742634
2024-01-29 00:00:00+00:00,153931.41519604682,0.0
2024-01-30 00:00:00+00:00,153454.13433398996,-0.31006072506316595
2024-01-31 00:00:00+00:00,149627.56822314937,-2.795951019755172
2024-02-01 00:00:00+00:00,152629.118898306,-0.8460237282183147
2024-02-02 00:00:00+00:00,159249.69122138747,0.0
2024-02-05 00:00:00+00:00,160965.7392841649,0.0
2024-02-06 00:00:00+00:00,159599.18656694313,-0.8489711682119538
2024-02-07 00:00:00+00:00,162568.91822057025,0.0
2024-02-08 00:00:00+00:00,162486.9347288353,-0.0504299915582318
2024-02-09 00:00:00+00:00,165835.25345842633,0.0
2024-02-12 00:00:00+00:00,164463.11501373176,-0.8274105873625759
2024-02-13 00:00:00+00:00,162028.30869425007,-2.2956185037764865
2024-02-14 00:00:00+00:00,164419.75346631568,-0.853557951395123
2024-02-15 00:00:00+00:00,164069.84959351568,-1.0645528185918685
2024-02-16 00:00:00+00:00,162941.95504419718,-1.744682360288663
2024-02-20 00:00:00+00:00,159932.90643128596,-3.559163027190748
2024-02-21 00:00:00+00:00,159599.11856872527,-3.7604398097805025
2024-02-22 00:00:00+00:00,170795.79338703296,0.0
2024-02-23 00:00:00+00:00,170767.34147959572,-0.016658435710281694
2024-02-26 00:00:00+00:00,170901.9032540188,0.0
2024-02-27 00:00:00+00:00,170030.32191405472,-0.5099892531147621
2024-02-28 00:00:00+00:00,169327.30127486316,-0.9213484163574481
2024-02-29 00:00:00+00:00,172106.96371380962,0.0
2024-03-01 00:00:00+00:00,177351.1636800661,0.0
2024-03-04 00:00:00+00:00,179087.55102745251,0.0
2024-03-05 00:00:00+00:00,176354.27481215802,-1.5262234586453816
2024-03-06 00:00:00+00:00,178037.38710081892,-0.5863969441810113
2024-03-07 00:00:00+00:00,182980.0953099035,0.0
2024-03-08 00:00:00+00:00,176558.9815604418,-3.5091870176297557
2024-03-11 00:00:00+00:00,174047.8806939305,-4.88152255076979
2024-03-12 00:00:00+00:00,179088.45312969523,-2.1268117571024314
2024-03-13 00:00:00+00:00,178074.51661956802,-2.6809356952334995
2024-03-14 00:00:00+00:00,177081.94219451322,-3.223385093007458
2024-03-15 00:00:00+00:00,174934.33862397113,-4.397066616620626
2024-03-18 00:00:00+00:00,175826.0206137581,-3.909755694480832
2024-03-19 00:00:00+00:00,177171.6007265021,-3.1743860301110094
2024-03-20 00:00:00+00:00,180232.04433396965,-1.501830552268335
2024-03-21 00:00:00+00:00,183816.49716016505,0.0
2024-03-22 00:00:00+00:00,185250.30043542726,0.0
2024-03-25 00:00:00+00:00,185223.87054030036,-0.014267126727884882
2024-03-26 00:00:00+00:00,182967.05213195572,-1.232520702047346
2024-03-27 00:00:00+00:00,182476.2859190404,-1.4974413050162783
2024-03-28 00:00:00+00:00,183027.73224196312,-1.1997649602942806
2024-04-01 00:00:00+00:00,183917.01308691772,-0.7197220978188201
2024-04-02 00:00:00+00:00,182822.44170555932,-1.310582883893463
2024-04-03 00:00:00+00:00,183707.59258879608,-0.8327694168403954
2024-04-04 00:00:00+00:00,179265.04627924206,-3.2309011872676985
2024-04-05 00:00:00+00:00,183279.52111236093,-1.0638467621558734
2024-04-08 00:00:00+00:00,182892.0320564019,-1.2730173033362435
2024-04-09 00:00:00+00:00,181836.00363269958,-1.8430722080895134
2024-04-10 00:00:00+00:00,181997.77640707948,-1.7557456159060347
2024-04-11 00:00:00+00:00,186968.87689121024,0.0
2024-04-12 00:00:00+00:00,180906.99542768465,-3.242187450830525
2024-04-15 00:00:00+00:00,177572.05083463422,-5.025877147480351
2024-04-16 00:00:00+00:00,178479.35212554556,-4.540608526308043
2024-04-17 00:00:00+00:00,174308.62799055438,-6.7713135529087864
2024-04-18 00:00:00+00:00,173168.78834972868,-7.380954932681805
2024-04-19 00:00:00+00:00,166145.12521135714,-11.137549749507036
2024-04-22 00:00:00+00:00,170097.95358001918,-9.02338591946914
2024-04-23 00:00:00+00:00,173945.3627712001,-6.965605365211669
2024-04-24 00:00:00+00:00,172083.16100927908,-7.9616009516881086
2024-04-25 00:00:00+00:00,173629.9531690426,-7.134301678417332
2024-04-26 00:00:00+00:00,180075.32106520777,-3.6870071322156805
2024-04-29 00:00:00+00:00,180091.51282664158,-3.6783469949227543
2024-04-30 00:00:00+00:00,175504.8128820212,-6.131536007385618
2024-05-01 00:00:00+00:00,173307.68502691097,-7.306666270583728
2024-05-02 00:00:00+00:00,176447.4606836179,-5.627362362407695
2024-05-03 00:00:00+00:00,179926.62332025703,-3.7665378794839888
2024-05-06 00:00:00+00:00,184084.55267992086,-1.5426761176768777
2024-05-07 00:00:00+00:00,182787.45915389416,-2.236424482428201
2024-05-08 00:00:00+00:00,183991.92404927756,-1.5922183902644105
2024-05-09 00:00:00+00:00,183336.70682193706,-1.9426602596466336
2024-05-10 00:00:00+00:00,184563.80906130455,-1.2863466208363095
2024-05-13 00:00:00+00:00,184673.01200440445,-1.2279396041629198
2024-05-14 00:00:00+00:00,187353.29718775177,0.0
2024-05-15 00:00:00+00:00,190996.46348825912,0.0
2024-05-16 00:00:00+00:00,189354.1164484514,-0.8598834815120471
2024-05-17 00:00:00+00:00,188524.6116917245,-1.2941872071293936
2024-05-20 00:00:00+00:00,188501.7172213693,-1.306174062769061
2024-05-21 00:00:00+00:00,189142.03272702906,-0.9709241351183784
2024-05-22 00:00:00+00:00,188513.8852670033,-1.2998032402879778
2024-05-23 00:00:00+00:00,192268.01369186115,0.0
2024-05-24 00:00:00+00:00,194936.88056281584,0.0
2024-05-28 00:00:00+00:00,199271.80115356643,0.0
2024-05-29 00:00:00+00:00,198715.92258678845,-0.2789549567776439
2024-05-30 00:00:00+00:00,194331.84464362066,-2.479004295313636
2024-05-31 00:00:00+00:00,192513.29364454816,-3.3916025598674127
2024-06-03 00:00:00+00:00,195523.08740374836,-1.881206336329122
2024-06-04 00:00:00+00:00,196487.1730211344,-1.3974019988337916
2024-06-05 00:00:00+00:00,202922.22362354136,0.0
2024-06-06 00:00:00+00:00,202827.10302689226,-0.04687539637134863
2024-06-07 00:00:00+00:00,203278.79648947268,0.0
2024-06-10 00:00:00+00:00,205781.991152409,0.0
2024-06-11 00:00:00+00:00,205238.22992527764,-0.26424140620188163
2024-06-12 00:00:00+00:00,208382.78272432403,0.0
2024-06-13 00:00:00+00:00,216133.49923398808,0.0
2024-06-14 00:00:00+00:00,218967.23788826008,0.0
2024-06-17 00:00:00+00:00,222588.59084410872,0.0
2024-06-18 00:00:00+00:00,223857.4769107869,0.0
2024-06-20 00:00:00+00:00,219819.00897345477,-1.8040353143717325
2024-06-21 00:00:00+00:00,215473.93810797977,-3.7450340808353633
2024-06-24 00:00:00+00:00,208222.41719678164,-6.984381281236473
2024-06-25 00:00:00+00:00,212470.0903742548,-5.0868913085580285
2024-06-26 00:00:00+00:00,215573.6653259793,-3.7004846561854765
2024-06-27 00:00:00+00:00,215823.55691091018,-3.5888548869325687
2024-06-28 00:00:00+00:00,214744.13838648738,-4.071044956846103
2024-07-01 00:00:00+00:00,219205.542861904,-2.0780784779133588
2024-07-02 00:00:00+00:00,220858.6472432848,-1.3396155933166454
2024-07-03 00:00:00+00:00,225653.1604633723,0.0
2024-07-05 00:00:00+00:00,224336.79980429917,-0.5833557377924681
2024-07-08 00:00:00+00:00,226954.74476796313,0.0
2024-07-09 00:00:00+00:00,228546.9426006142,0.0
2024-07-10 00:00:00+00:00,231770.68701710732,0.0
2024-07-11 00:00:00+00:00,223880.31971732195,-3.4043853436923066
2024-07-12 00:00:00+00:00,224354.28236087493,-3.199888972881626
2024-07-15 00:00:00+00:00,225269.4093586303,-2.8050474122282565
2024-07-16 00:00:00+00:00,224114.73546906293,-3.3032441015628966
2024-07-17 00:00:00+00:00,213457.0015062783,-7.901640085088612
2024-07-18 00:00:00+00:00,213352.88889484384,-7.9465606109645925
2024-07-19 00:00:00+00:00,210286.1823523301,-9.269724718549687
2024-07-22 00:00:00+00:00,214630.52164834723,-7.395311973810969
2024-07-23 00:00:00+00:00,216352.45328137773,-6.652365721551123
2024-07-24 00:00:00+00:00,204435.94946139306,-11.793871739136986
2024-07-25 00:00:00+00:00,201850.6959650523,-12.909307659707025
2024-07-26 00:00:00+00:00,204849.2258435254,-11.615559120120656
2024-07-29 00:00:00+00:00,203647.23719338176,-12.134170280838719
2024-07-30 00:00:00+00:00,197546.7950441904,-14.766272824824833
2024-07-31 00:00:00+00:00,211500.26825211887,-8.745894067049242
2024-08-01 00:00:00+00:00,200643.52526467683,-13.430154672723106
2024-08-02 00:00:00+00:00,191903.53142914074,-17.201120685733628
2024-08-05 00:00:00+00:00,183016.7038940896,-21.03543970572048
2024-08-06 00:00:00+00:00,186906.60572038862,-19.357098981808353
2024-08-07 00:00:00+00:00,182088.19392422508,-21.436055496187535
2024-08-08 00:00:00+00:00,190574.89079183224,-17.774377232714667
2024-08-09 00:00:00+00:00,192422.15102174506,-16.97735658541578
2024-08-12 00:00:00+00:00,195049.51501978716,-15.843751627922531
2024-08-13 00:00:00+00:00,203400.27349142148,-12.240725473446856
2024-08-14 00:00:00+00:00,205432.84385967228,-11.363750738457712
2024-08-15 00:00:00+00:00,211495.89063221763,-8.747782839075413
2024-08-16 00:00:00+00:00,212789.0763382211,-8.18982371031466
2024-08-19 00:00:00+00:00,216736.528424228,-6.486652296875506
2024-08-20 00:00:00+00:00,214704.59548660496,-7.363352005442647
2024-08-21 00:00:00+00:00,215323.8470284888,-7.096169149036768
2024-08-22 00:00:00+00:00,211825.85281032638,-8.605417045387098
2024-08-23 00:00:00+00:00,216731.01725834695,-6.489030149723063
2024-08-26 00:00:00+00:00,213202.19532976515,-8.011578999190528
2024-08-27 00:00:00+00:00,215050.30905799524,-7.214190100699803
2024-08-28 00:00:00+00:00,212602.94262616045,-8.270133137902846
2024-08-29 00:00:00+00:00,208450.82768451644,-10.061608580756209
2024-08-30 00:00:00+00:00,211699.31942837645,-8.660011258131783
2024-09-03 00:00:00+00:00,200786.3866546795,-13.368515562168925
2024-09-04 00:00:00+00:00,199844.86916859786,-13.774743587895122
2024-09-05 00:00:00+00:00,199820.96380472448,-13.785057818819247
2024-09-06 00:00:00+00:00,191219.68817134143,-17.49617234502686
2024-09-09 00:00:00+00:00,195237.4346388343,-15.76267165121552
2024-09-10 00:00:00+00:00,196268.30782491557,-15.317890130588985
2024-09-11 00:00:00+00:00,204743.9892013974,-11.660964621343616
2024-09-12 00:00:00+00:00,208777.44704103412,-9.920685084035686
2024-09-13 00:00:00+00:00,209311.5849195038,-9.69022544940974
2024-09-16 00:00:00+00:00,206260.30217966012,-11.006734788495597
2024-09-17 00:00:00+00:00,206428.42548443153,-10.934196148283949
2024-09-18 00:00:00+00:00,204682.5336211479,-11.687480304168075
2024-09-19 00:00:00+00:00,212245.37116889126,-8.424411257310926
2024-09-20 00:00:00+00:00,212929.68145069786,-8.129158095397448
2024-09-23 00:00:00+00:00,214302.1851802342,-7.536976337125734
2024-09-24 00:00:00+00:00,217302.4540365918,-6.242477496495313
2024-09-25 00:00:00+00:00,218177.5760998562,-5.864896502743589
2024-09-26 00:00:00+00:00,218770.97120304068,-5.608869689853025
2024-09-27 00:00:00+00:00,214362.96022680314,-7.510754278007248
2024-09-30 00:00:00+00:00,214499.4749965801,-7.451853486222959
2024-10-01 00:00:00+00:00,207960.98263320405,-10.272957590252062
2024-10-02 00:00:00+00:00,209745.429911195,-9.503038278644183
2024-10-03 00:00:00+00:00,210657.49505990703,-9.109517786277221
2024-10-04 00:00:00+00:00,216288.28450302288,-6.680052043398255
2024-10-07 00:00:00+00:00,214060.61919996768,-7.641202623622734
2024-10-08 00:00:00+00:00,220137.6407400233,-5.019205157822826
2024-10-09 00:00:00+00:00,223736.39244261198,-3.466484341871201
2024-10-10 00:00:00+00:00,225121.7064826864,-2.8687754348892924
2024-10-11 00:00:00+00:00,226240.5854089173,-2.386022874317073
2024-10-14 00:00:00+00:00,228219.05341173956,-1.5323911971256376
2024-10-15 00:00:00+00:00,223211.189143957,-3.6930890542334005
2024-10-16 00:00:00+00:00,225229.5459528567,-2.822246915015547
2024-10-17 00:00:00+00:00,227866.68931779132,-1.684422542626307
2024-10-18 00:00:00+00:00,229072.71774858513,-1.1640683743251223
2024-10-21 00:00:00+00:00,231963.9833188919,0.0
2024-10-22 00:00:00+00:00,232592.47823875397,0.0
2024-10-23 00:00:00+00:00,225717.72384811728,-2.9557079586983948
2024-10-24 00:00:00+00:00,226405.85094466846,-2.659856991478027
2024-10-25 00:00:00+00:00,227893.95633114624,-2.0200661445228474
2024-10-28 00:00:00+00:00,227991.67575969902,-1.9780529937568625
2024-10-29 00:00:00+00:00,231497.18998098018,-0.4709044187789613
2024-10-30 00:00:00+00:00,230269.9666218952,-0.9985325555002422
2024-10-31 00:00:00+00:00,219605.58563284727,-5.583539375067748
2024-11-01 00:00:00+00:00,225271.24033867655,-3.147667523694486
2024-11-04 00:00:00+00:00,223859.10095421915,-3.7547978123222414
2024-11-05 00:00:00+00:00,229753.18637735024,-1.2207152539512545
2024-11-06 00:00:00+00:00,242816.80911299353,0.0
2024-11-07 00:00:00+00:00,245924.37711699202,0.0
2024-11-08 00:00:00+00:00,244362.37048793084,-0.6351572980982323
2024-11-11 00:00:00+00:00,240906.81504784347,-2.0402865823917815
2024-11-12 00:00:00+00:00,242810.06849679648,-1.2663684083314752
2024-11-13 00:00:00+00:00,243408.64872680622,-1.0229682879257629
2024-11-14 00:00:00+00:00,242226.96465385228,-1.503475379905428
2024-11-15 00:00:00+00:00,234042.9599238455,-4.831329586938116
2024-11-18 00:00:00+00:00,233319.3453727825,-5.125572296646707
2024-11-19 00:00:00+00:00,237805.11432396463,-3.301528253608166
2024-11-20 00:00:00+00:00,235374.6117841942,-4.2898412335020675
2024-11-21 00:00:00+00:00,234825.94919873957,-4.512943388679469
2024-11-22 00:00:00+00:00,233011.73282107618,-5.250656501519979
2024-11-25 00:00:00+00:00,232467.3688592894,-5.472010711366293
2024-11-26 00:00:00+00:00,236124.93835832394,-3.9847366387782968
2024-11-27 00:00:00+00:00,232488.82772128712,-5.463284914334987
2024-11-29 00:00:00+00:00,235950.18638882317,-4.055795869078849
2024-12-02 00:00:00+00:00,238709.78751329536,-2.9336618387629465
2024-12-03 00:00:00+00:00,241264.51396521885,-1.8948358053810788
2024-12-04 00:00:00+00:00,246615.3550167274,0.0
2024-12-05 00:00:00+00:00,248163.5020719282,0.0
2024-12-06 00:00:00+00:00,252554.73973347328,0.0
2024-12-09 00:00:00+00:00,249979.0494375645,-1.0198542694652923
2024-12-10 00:00:00+00:00,245054.8834239225,-2.9695963407638137
2024-12-11 00:00:00+00:00,253314.17586831245,0.0
2024-12-12 00:00:00+00:00,250767.80732825884,-1.0052214927668945
2024-12-13 00:00:00+00:00,262307.45782105497,0.0
2024-12-16 00:00:00+00:00,271833.6330443532,0.0
2024-12-17 00:00:00+00:00,267360.8198243219,-1.6454230368548761
2024-12-18 00:00:00+00:00,253990.45075240347,-6.564008320868231
2024-12-19 00:00:00+00:00,254976.6950898656,-6.201196579577484
2024-12-20 00:00:00+00:00,259960.43211566986,-4.3678189470933155
2024-12-23 00:00:00+00:00,266564.6498238439,-1.9383117392429483
2024-12-24 00:00:00+00:00,272075.7437870462,0.0
2024-12-26 00:00:00+00:00,273157.627128267,0.0
2024-12-27 00:00:00+00:00,267942.8787342692,-1.9090619759810523
2024-12-30 00:00:00+00:00,264195.7650371659,-3.280839047153128
2024-12-31 00:00:00+00:00,260210.19642766667,-4.739911836516509
2025-01-02 00:00:00+00:00,261853.97707792494,-4.138141837435938
2025-01-03 00:00:00+00:00,267717.53088334226,-1.991559343268945
2025-01-06 00:00:00+00:00,272935.00823920337,-0.0814983243938916
2025-01-07 00:00:00+00:00,263119.94552546844,-3.674684726297306
2025-01-08 00:00:00+00:00,263503.74180833495,-3.534181132492731
2025-01-10 00:00:00+00:00,256784.61054087436,-5.9939811161503265
2025-01-13 00:00:00+00:00,255907.866804959,-6.314947345478306
2025-01-14 00:00:00+00:00,255056.30452690157,-6.626694920316312
2025-01-15 00:00:00+00:00,262755.7024210388,-3.8080301167441877
2025-01-16 00:00:00+00:00,259879.41942718517,-4.861005654748485
2025-01-17 00:00:00+00:00,268105.59174219606,-1.8494945351457015
2025-01-21 00:00:00+00:00,272388.63496563,-0.28151956462701966
2025-01-22 00:00:00+00:00,278722.13483458903,0.0
2025-01-23 00:00:00+00:00,279356.27315561223,0.0
2025-01-24 00:00:00+00:00,277620.0203126973,-0.6215191888487848
2025-01-27 00:00:00+00:00,251611.77727249707,-9.931581478272511
2025-01-28 00:00:00+00:00,261983.05525196154,-6.219018355092798
2025-01-29 00:00:00+00:00,258139.31839543776,-7.59494480668269
2025-01-30 00:00:00+00:00,259225.86615497462,-7.205997836828315
2025-01-31 00:00:00+00:00,259383.65788001183,-7.149513791113216
2025-02-03 00:00:00+00:00,255047.61642748554,-8.701668465696432
2025-02-04 00:00:00+00:00,260273.63177172936,-6.830933548878315
2025-02-05 00:00:00+00:00,264887.6122684761,-5.179286193826238
2025-02-06 00:00:00+00:00,269234.02951372834,-3.623417339994872
2025-02-07 00:00:00+00:00,262786.49452897604,-5.931414547976233
2025-02-10 00:00:00+00:00,268842.2125859559,-3.7636744114923015
2025-02-11 00:00:00+00:00,268983.99996800715,-3.71291937368714
2025-02-12 00:00:00+00:00,266984.83624782163,-4.428551672759196
2025-02-13 00:00:00+00:00,269796.3917383759,-3.4221108798624056
2025-02-14 00:00:00+00:00,270505.7405152638,-3.168188256656168
2025-02-18 00:00:00+00:00,269256.98957455147,-3.615198422780741
2025-02-19 00:00:00+00:00,269440.66383184143,-3.54944931494251
2025-02-20 00:00:00+00:00,265678.98515909025,-4.896001740724543
2025-02-21 00:00:00+00:00,256619.0214825513,-8.13915915193908
2025-02-24 00:00:00+00:00,248859.1748231896,-10.916919096867595
2025-02-25 00:00:00+00:00,244091.81829824543,-12.623469829053436
2025-02-26 00:00:00+00:00,250015.99700269656,-10.502816285987604
2025-02-27 00:00:00+00:00,236195.70550103174,-15.45000839502838
2025-02-28 00:00:00+00:00,242308.64537441975,-13.26178480357787
2025-03-03 00:00:00+00:00,228529.10495043732,-18.19438941929978
2025-03-04 00:00:00+00:00,226890.99778149277,-18.780775810570137
2025-03-05 00:00:00+00:00,230888.06443705893,-17.349962530304317
2025-03-06 00:00:00+00:00,219420.02362114724,-21.455129271816354
2025-03-07 00:00:00+00:00,224678.30099293814,-19.57284565155133
2025-03-10 00:00:00+00:00,212974.98634750684,-23.762232384568094
2025-03-11 00:00:00+00:00,215072.40922895225,-23.0114266633459
2025-03-12 00:00:00+00:00,220294.3937458304,-21.14213464498865
2025-03-13 00:00:00+00:00,215877.65559811296,-22.72317597899054
2025-03-14 00:00:00+00:00,223935.73308051433,-19.83865959015946
2025-03-17 00:00:00+00:00,221835.96668594607,-20.59030420900021
2025-03-18 00:00:00+00:00,217781.13386875103,-22.041795801221
2025-03-19 00:00:00+00:00,222244.47860925604,-20.444070899579447
2025-03-20 00:00:00+00:00,220812.00627744274,-20.956847045836014
2025-03-21 00:00:00+00:00,221860.52207472554,-20.58151421889114
2025-03-24 00:00:00+00:00,223403.0993438125,-20.029324267449567
2025-03-25 00:00:00+00:00,224384.27909602356,-19.67809544372292
2025-03-26 00:00:00+00:00,224071.03099034622,-19.790227561659222
2025-03-27 00:00:00+00:00,223828.10227444101,-19.877187740917446
2025-03-28 00:00:00+00:00,222042.2665674226,-20.516455900835815
2025-03-31 00:00:00+00:00,222996.98981173965,-20.17469760289875
2025-04-01 00:00:00+00:00,223137.52482359507,-20.124390870829355
2025-04-02 00:00:00+00:00,223230.33077264886,-20.091169512309126
2025-04-03 00:00:00+00:00,220485.91471909895,-21.073576680957583
2025-04-04 00:00:00+00:00,218484.94697382813,-21.789854759365447
2025-04-07 00:00:00+00:00,218484.94697382813,-21.789854759365447
2025-04-08 00:00:00+00:00,218484.94697382813,-21.789854759365447
2025-04-09 00:00:00+00:00,218484.94697382813,-21.789854759365447
2025-04-10 00:00:00+00:00,218484.94697382813,-21.789854759365447
2025-04-11 00:00:00+00:00,218484.94697382813,-21.789854759365447
2025-04-14 00:00:00+00:00,218484.94697382813,-21.789854759365447
2025-04-15 00:00:00+00:00,218484.94697382813,-21.789854759365447
2025-04-16 00:00:00+00:00,218484.94697382813,-21.789854759365447
2025-04-17 00:00:00+00:00,218484.94697382813,-21.789854759365447
2025-04-21 00:00:00+00:00,218484.94697382813,-21.789854759365447
2025-04-22 00:00:00+00:00,218484.94697382813,-21.789854759365447
2025-04-23 00:00:00+00:00,218484.94697382813,-21.789854759365447
2025-04-24 00:00:00+00:00,218406.31257201714,-21.818003188223955
2025-04-25 00:00:00+00:00,218094.23432589206,-21.929716536415434
2025-04-28 00:00:00+00:00,218067.1175860525,-21.93942340268096
2025-04-29 00:00:00+00:00,218012.98138498497,-21.958802312793125
2025-04-30 00:00:00+00:00,218367.0167554371,-21.832069747795412
2025-05-01 00:00:00+00:00,220176.82954728653,-21.184218610820484
2025-05-02 00:00:00+00:00,223099.14322352383,-20.138130172130055
2025-05-05 00:00:00+00:00,222314.6390649888,-20.41895585385657
2025-05-06 00:00:00+00:00,221434.0172606438,-20.734188368379147
2025-05-07 00:00:00+00:00,222749.42522213727,-20.26331726652967
2025-05-08 00:00:00+00:00,224429.53253085722,-19.661896260392442
2025-05-09 00:00:00+00:00,224463.09069495107,-19.649883584351635
2025-05-12 00:00:00+00:00,229599.99737572472,-17.81104652415353
2025-05-13 00:00:00+00:00,233186.1797688656,-16.527315769647345
2025-05-14 00:00:00+00:00,233667.86417264436,-16.3548892125711
2025-05-15 00:00:00+00:00,234205.77098076473,-16.162336955897505
2025-05-16 00:00:00+00:00,233123.26083400406,-16.54983859834592
2025-05-19 00:00:00+00:00,233099.2835752645,-16.558421637655798
2025-05-20 00:00:00+00:00,233556.60031109603,-16.394717873045227
2025-05-21 00:00:00+00:00,232031.59686644413,-16.940616995848323
2025-05-22 00:00:00+00:00,232170.20674060727,-16.89099939728953
2025-05-23 00:00:00+00:00,231685.84627118922,-17.06438389442171
2025-05-27 00:00:00+00:00,234554.22735500743,-16.03760148090475
2025-05-28 00:00:00+00:00,235198.06027954328,-15.80713129412029
2025-05-29 00:00:00+00:00,236078.30154679436,-15.492034998874127
2025-05-30 00:00:00+00:00,236026.27826932666,-15.510657554537566
2025-06-02 00:00:00+00:00,237975.96003427042,-14.812738104610734
2025-06-03 00:00:00+00:00,240537.6431633927,-13.89574307880176
2025-06-04 00:00:00+00:00,241250.47439953976,-13.640573854178694
2025-06-05 00:00:00+00:00,240451.02681322602,-13.926748772423124
2025-06-06 00:00:00+00:00,237720.41244568123,-14.904215409094546
2025-06-09 00:00:00+00:00,237215.0806433283,-15.085106926813008
2025-06-10 00:00:00+00:00,237666.10586222255,-14.923655310280658
2025-06-11 00:00:00+00:00,239927.44875011707,-14.114171828005373
2025-06-12 00:00:00+00:00,241185.30396737522,-13.663902641976577
2025-06-13 00:00:00+00:00,238236.95956342816,-14.719309191699814
2025-06-16 00:00:00+00:00,240574.6013367569,-13.882513315622747
2025-06-17 00:00:00+00:00,239584.6580429135,-14.236879187797724
2025-06-18 00:00:00+00:00,241183.53778343598,-13.664534875475143
2025-06-20 00:00:00+00:00,240888.69858928717,-13.770077232128997
2025-06-23 00:00:00+00:00,243138.7288136217,-12.964643296846944
2025-06-24 00:00:00+00:00,246751.14498134417,-11.671521747466096
2025-06-25 00:00:00+00:00,247721.2356217144,-11.324262446856126
2025-06-26 00:00:00+00:00,250542.4805067595,-10.314353181824687
2025-06-27 00:00:00+00:00,249831.50206179256,-10.568859170516365
2025-06-30 00:00:00+00:00,252281.56495651059,-9.691820374486449
2025-07-01 00:00:00+00:00,248201.27486469538,-11.152424801129246
2025-07-02 00:00:00+00:00,250640.36541279475,-10.279313730256423
2025-07-03 00:00:00+00:00,253801.39304452104,-9.147773852515616
2025-07-07 00:00:00+00:00,252388.8144449445,-9.653428722413482
2025-07-08 00:00:00+00:00,249904.3051460055,-10.542798154097955
2025-07-09 00:00:00+00:00,253924.8780523371,-9.103570439282338
2025-07-10 00:00:00+00:00,254315.16839191783,-8.963859834193
2025-07-11 00:00:00+00:00,255159.6982408835,-8.661547006410085
2025-07-14 00:00:00+00:00,255983.02020209262,-8.366825877756401
2025-07-15 00:00:00+00:00,258679.7133568661,-7.401501876146699
2025-07-16 00:00:00+00:00,257298.09735867317,-7.896073192761921
2025-07-17 00:00:00+00:00,260670.80352051157,-6.68875963443718
2025-07-18 00:00:00+00:00,260834.6186109207,-6.630119429741333
2025-07-21 00:00:00+00:00,263210.6252983359,-5.779590225375952
2025-07-22 00:00:00+00:00,258816.3741511682,-7.352581981576812
2025-07-23 00:00:00+00:00,262435.2825970459,-6.05713641846185
2025-07-24 00:00:00+00:00,266250.758886145,-4.691326284327591
2025-07-25 00:00:00+00:00,266893.7342388022,-4.461163078971886
2025-07-28 00:00:00+00:00,269045.485784846,-3.690909552270094
2025-07-29 00:00:00+00:00,268662.7379135028,-3.827920211461555
2025-07-30 00:00:00+00:00,271050.6930719294,-2.9731138627613007
2025-07-31 00:00:00+00:00,270473.40103148704,-3.179764686786568
2025-08-01 00:00:00+00:00,258270.21234017768,-7.548089247198975
2025-08-04 00:00:00+00:00,262401.93388395826,-6.069074118199502
2025-08-05 00:00:00+00:00,260537.59077975655,-6.736445243659506
2025-08-06 00:00:00+00:00,266499.74559039983,-4.602197552245702
2025-08-07 00:00:00+00:00,266471.73419483815,-4.6122246746887585
2025-08-08 00:00:00+00:00,267449.058945191,-4.2623758098993765
2025-08-11 00:00:00+00:00,266616.8587051984,-4.560275058980867
2025-08-12 00:00:00+00:00,270484.79255404195,-3.175686910967812
2025-08-13 00:00:00+00:00,269423.1728584799,-3.5557104857277366
2025-08-14 00:00:00+00:00,273631.9267613813,-2.0491204044099653
2025-08-15 00:00:00+00:00,271096.36064999236,-2.956766430306279
2025-08-18 00:00:00+00:00,271462.23605302884,-2.825795538225162
2025-08-19 00:00:00+00:00,265228.77667226695,-5.057160995083764
2025-08-20 00:00:00+00:00,262523.3853205356,-6.02559865398119
2025-08-21 00:00:00+00:00,260993.24227728805,-6.573337577458038
2025-08-22 00:00:00+00:00,266812.44487864606,-4.490261892196267
2025-08-25 00:00:00+00:00,266382.856950306,-4.644039691236701
2025-08-26 00:00:00+00:00,268755.02129093115,-3.794885915726609
2025-08-27 00:00:00+00:00,269938.3958452331,-3.3712782619823245
2025-08-28 00:00:00+00:00,273537.1686581437,-2.0830405674216013
2025-08-29 00:00:00+00:00,268154.04651578626,-4.010014349520585
2025-09-02 00:00:00+00:00,265763.73535461666,-4.865664066696651
2025-09-03 00:00:00+00:00,267105.1792925488,-4.385472974948767
2025-09-04 00:00:00+00:00,273397.33346650784,-2.1330967877657203
2025-09-05 00:00:00+00:00,276165.0337844477,-1.14235464810446
2025-09-08 00:00:00+00:00,280669.0822437598,0.0
2025-09-09 00:00:00+00:00,280751.72292627126,0.0
2025-09-10 00:00:00+00:00,288388.86331793654,0.0
2025-09-11 00:00:00+00:00,286608.5362442053,-0.617335584061196
2025-09-12 00:00:00+00:00,286880.928160281,-0.5228825899539435
2025-09-15 00:00:00+00:00,290076.4781070533,0.0
2025-09-16 00:00:00+00:00,289389.567429441,-0.23680330169990604
2025-09-17 00:00:00+00:00,284476.2514126918,-1.9306035190811865
2025-09-18 00:00:00+00:00,285284.29849950026,-1.6520400546867098
2025-09-19 00:00:00+00:00,287370.7630463379,-0.9327592083205327
2025-09-22 00:00:00+00:00,286252.016679197,-1.3184321089436568
2025-09-23 00:00:00+00:00,281958.1378428159,-2.7986896135857475
2025-09-24 00:00:00+00:00,281467.82176919223,-2.967719545562064
2025-09-25 00:00:00+00:00,280360.33476396155,-3.349510931219324
2025-09-26 00:00:00+00:00,281323.1677563451,-3.0175870886979594
2025-09-29 00:00:00+00:00,281161.79674636706,-3.073217593808575
2025-09-30 00:00:00+00:00,281710.9660245231,-2.883898803901963
2025-10-01 00:00:00+00:00,282436.59108419577,-2.6337492349303937
2025-10-02 00:00:00+00:00,284117.28784862417,-2.054351423913081
2025-10-03 00:00:00+00:00,283487.68108104495,-2.2713999663139695
2025-10-06 00:00:00+00:00,283185.0108858927,-2.375741482429772
2025-10-07 00:00:00+00:00,283076.6210476969,-2.413107434644557
2025-10-08 00:00:00+00:00,287245.3654155029,-0.9759883703860939
2025-10-09 00:00:00+00:00,288402.3581330308,-0.5771305501732771
2025-10-10 00:00:00+00:00,273402.769337036,-5.748038889200746
2025-10-13 00:00:00+00:00,286697.14953779854,-1.1649784881929026
2025-10-14 00:00:00+00:00,278902.3928101933,-3.8521169898981578
2025-10-15 00:00:00+00:00,281479.5485895456,-2.963676880527699
2025-10-16 00:00:00+00:00,280253.3479652383,-3.3863932042741296
2025-10-17 00:00:00+00:00,279231.0391057309,-3.7388205593560375
2025-10-20 00:00:00+00:00,283185.810499666,-2.3754658262378214
2025-10-21 00:00:00+00:00,282405.42811703734,-2.6444922525517445
2025-10-22 00:00:00+00:00,278818.0049394677,-3.881208583700002
2025-10-23 00:00:00+00:00,281816.7139073666,-2.847443630585733
2025-10-24 00:00:00+00:00,288484.2976576983,-0.5488829910460513
2025-10-27 00:00:00+00:00,294919.7935680776,0.0
2025-10-28 00:00:00+00:00,301574.82008496084,0.0
2025-10-29 00:00:00+00:00,306797.1445269784,0.0
2025-10-30 00:00:00+00:00,300478.95743536914,-2.0594021829475118
2025-10-31 00:00:00+00:00,307091.7801548669,0.0
2025-11-03 00:00:00+00:00,309419.86610531807,0.0
2025-11-04 00:00:00+00:00,302998.85136357334,-2.0751785664464117
2025-11-05 00:00:00+00:00,304719.076937326,-1.5192266828762846
2025-11-06 00:00:00+00:00,299192.92550554103,-3.305198443947377
2025-11-07 00:00:00+00:00,298057.8288862578,-3.672045160536963
2025-11-10 00:00:00+00:00,305488.0181468615,-1.2707160687343344
2025-11-11 00:00:00+00:00,303641.79800700676,-1.8673875633908432
2025-11-12 00:00:00+00:00,303543.6046279515,-1.8991222352111148
2025-11-13 00:00:00+00:00,292447.23616709415,-5.485307117432114
2025-11-14 00:00:00+00:00,291639.2963130967,-5.746421526201983
2025-11-17 00:00:00+00:00,288683.97994036594,-6.701536790754803
2025-11-18 00:00:00+00:00,281802.19779897743,-8.925628678586639
2025-11-19 00:00:00+00:00,287218.6452906012,-7.175111635256215
2025-11-20 00:00:00+00:00,279829.3073579336,-9.563238172080602
2025-11-21 00:00:00+00:00,279460.93409693835,-9.682291051791259
2025-11-24 00:00:00+00:00,293504.5596949955,-5.143595532713929
2025-11-25 00:00:00+00:00,297335.0168228117,-3.9056475056430395
2025-11-26 00:00:00+00:00,302596.4971728087,-2.205213588382493
2025-11-28 00:00:00+00:00,306869.2412214338,-0.8243248618742927
2025-12-01 00:00:00+00:00,302508.1889164716,-2.233753532326177
2025-12-02 00:00:00+00:00,302219.48165717704,-2.327059519084085
2025-12-03 00:00:00+00:00,300588.22011232836,-2.854259522555558
2025-12-04 00:00:00+00:00,300421.78323289065,-2.9080495010506913
2025-12-05 00:00:00+00:00,302412.7789157679,-2.264588656749378
2025-12-08 00:00:00+00:00,304784.21062291507,-1.498176423108255
2025-12-09 00:00:00+00:00,303260.5632912133,-1.990597078213563
2025-12-10 00:00:00+00:00,308736.7537324806,-0.22077198256074126
2025-12-11 00:00:00+00:00,307226.03684272856,-0.7090137069100777
2025-12-12 00:00:00+00:00,292045.98028608237,-5.6149871816317365
2025-12-15 00:00:00+00:00,285015.7447213714,-7.887057056524027
2025-12-16 00:00:00+00:00,284816.91960325016,-7.9513144426524125
2025-12-17 00:00:00+00:00,278308.5001110206,-10.054740953093177
2025-12-18 00:00:00+00:00,281812.9659189992,-8.922148578825318
2025-12-19 00:00:00+00:00,286027.7038699795,-7.560006579337264
2025-12-22 00:00:00+00:00,287637.7118226441,-7.039675427711522
2025-12-23 00:00:00+00:00,292071.4288341365,-5.606762581067315
2025-12-24 00:00:00+00:00,293209.91805567,-5.238819424778196
2025-12-26 00:00:00+00:00,293812.25317529996,-5.044153475493296
2025-12-29 00:00:00+00:00,291615.65417376213,-5.754062321743714
2025-12-30 00:00:00+00:00,291636.04595674155,-5.747471994097298
2025-12-31 00:00:00+00:00,288783.83402085694,-6.669265404386538
