symbol,entry_time,exit_time,side,qty,entry_price,exit_price,gross_pnl,fees,net_pnl,return_pct
AAPL,2022-01-03T00:00:00+00:00,2022-03-16T00:00:00+00:00,LONG,65.89749662,182.1009995,159.51020134,-1488.67704576,22.51132295,-1511.18836872,-12.59323641
AVGO,2022-01-03T00:00:00+00:00,2022-06-15T00:00:00+00:00,LONG,180.78520631,66.36516673,52.64466593,-2480.4635677,21.51521715,-2501.97878486,-20.85357623
MSFT,2022-01-03T00:00:00+00:00,2022-02-01T00:00:00+00:00,LONG,35.81683724,334.917375,308.60562976,-942.40349666,23.04895872,-965.45245538,-8.04833379
NVDA,2022-01-03T00:00:00+00:00,2022-02-01T00:00:00+00:00,LONG,397.9790965,30.13606079,24.62568149,-2193.01577601,21.79402872,-2214.80980473,-18.46671694
TSLA,2022-01-03T00:00:00+00:00,2022-06-15T00:00:00+00:00,LONG,180.68761613,66.36516673,52.64466593,-2479.12458151,21.50360296,-2500.62818448,-20.85357623
JPM,2022-01-04T00:00:00+00:00,2022-02-11T00:00:00+00:00,LONG,71.39031,167.91391683,153.84303817,-1004.52438962,22.97032877,-1027.49471838,-8.57143701
XOM,2022-01-04T00:00:00+00:00,2022-02-11T00:00:00+00:00,LONG,71.09232599,167.91391683,153.84303817,-1000.33149283,22.87445033,-1023.20594317,-8.57143701
NVDA,2022-03-17T00:00:00+00:00,2022-05-04T00:00:00+00:00,LONG,441.23916183,24.77838375,20.32383263,-1965.5223999,19.90086416,-1985.42326405,-18.15959175
AAPL,2022-03-22T00:00:00+00:00,2022-06-02T00:00:00+00:00,LONG,65.24278124,168.90441733,151.13440171,-1159.36524157,20.88022266,-1180.24546423,-10.71023169
JPM,2022-12-06T00:00:00+00:00,2023-04-03T00:00:00+00:00,LONG,77.55639655,131.65579134,130.09492366,-121.05527243,20.30044225,-141.35571468,-1.38438148
XOM,2022-12-06T00:00:00+00:00,2023-04-03T00:00:00+00:00,LONG,77.54243873,131.65579134,130.09492366,-121.03348611,20.29678878,-141.33027489,-1.38438148
AVGO,2023-01-10T00:00:00+00:00,2023-09-29T00:00:00+00:00,LONG,179.31740579,57.52174653,83.01646966,4571.64761254,25.20094834,4546.4466642,44.07756447
TSLA,2023-01-10T00:00:00+00:00,2023-09-29T00:00:00+00:00,LONG,179.48414444,57.52174653,83.01646966,4575.89856836,25.22438149,4550.67418686,44.07756447
NVDA,2023-01-24T00:00:00+00:00,2025-03-20T00:00:00+00:00,LONG,537.2979709,19.27463189,118.47073378,53297.86426656,74.01030547,53223.85396108,513.9312496
MSFT,2023-03-21T00:00:00+00:00,2023-08-29T00:00:00+00:00,LONG,39.64476097,273.91688878,328.24579866,2153.85664595,23.87259581,2129.98405014,19.6142514
AAPL,2023-03-23T00:00:00+00:00,2023-10-03T00:00:00+00:00,LONG,68.02026281,159.00945767,172.3137939,904.9644467,22.53669465,882.42775206,8.15864236
JPM,2023-04-14T00:00:00+00:00,2023-09-19T00:00:00+00:00,LONG,78.97229401,138.79936073,148.85552768,794.15857327,22.71676642,771.44180685,7.03786531
XOM,2023-04-14T00:00:00+00:00,2023-09-19T00:00:00+00:00,LONG,78.89536662,138.79936073,148.85552768,793.38497865,22.69463788,770.69034077,7.03786531
AMZN,2023-05-26T00:00:00+00:00,2023-10-17T00:00:00+00:00,LONG,102.83205401,120.17005561,131.40426622,1155.23695211,25.86990425,1129.36704786,9.13924541
GOOGL,2023-05-26T00:00:00+00:00,2023-10-17T00:00:00+00:00,LONG,104.31642949,120.17005561,131.40426622,1171.91273893,26.243335,1145.66940392,9.13924541
META,2023-05-26T00:00:00+00:00,2023-10-17T00:00:00+00:00,LONG,104.39780888,120.17005561,131.40426622,1172.82697215,26.26380797,1146.56316418,9.13924541
MSFT,2023-09-05T00:00:00+00:00,2024-08-20T00:00:00+00:00,LONG,43.78234842,333.71676279,424.5875878,3978.53812234,33.20034529,3945.33777705,27.00269531
AVGO,2023-10-09T00:00:00+00:00,2025-03-20T00:00:00+00:00,LONG,160.88069155,85.63079144,190.44472329,16862.53784124,44.41521973,16818.12262151,122.07975027
TSLA,2023-10-09T00:00:00+00:00,2025-03-20T00:00:00+00:00,LONG,160.72835623,85.63079144,190.44472329,16846.57097702,44.37316368,16802.19781334,122.07975027
AAPL,2023-10-11T00:00:00+00:00,2024-02-27T00:00:00+00:00,LONG,76.95001608,179.88990305,182.53868988,203.82418893,27.88888605,175.93530287,1.27097641
JPM,2023-10-13T00:00:00+00:00,2025-03-31T00:00:00+00:00,LONG,95.23631104,148.074,245.17735305,9247.76513394,37.45180817,9210.31332577,65.31200731
XOM,2023-10-13T00:00:00+00:00,2025-03-31T00:00:00+00:00,LONG,93.94436466,148.074,245.17735305,9122.31280844,36.94374851,9085.36905992,65.31200731
AMZN,2023-10-30T00:00:00+00:00,2024-08-14T00:00:00+00:00,LONG,98.83717853,132.77636172,170.0149561,3680.55760124,29.92703954,3650.6305617,27.81805631
GOOGL,2023-10-30T00:00:00+00:00,2024-08-14T00:00:00+00:00,LONG,98.86141161,132.77636172,170.0149561,3681.46000724,29.93437711,3651.52563014,27.81805631
META,2023-10-30T00:00:00+00:00,2024-08-14T00:00:00+00:00,LONG,98.99252411,132.77636172,170.0149561,3686.34245236,29.97407683,3656.36837553,27.81805631
AAPL,2024-06-13T00:00:00+00:00,2025-02-07T00:00:00+00:00,LONG,116.66092498,214.3471255,227.51618988,1536.3152322,51.54818309,1484.76704911,5.93765885
AMZN,2024-09-11T00:00:00+00:00,2025-03-17T00:00:00+00:00,LONG,127.76992535,184.61226427,195.64213549,1409.28582185,48.58507627,1360.70074558,5.76863994
GOOGL,2024-09-11T00:00:00+00:00,2025-03-17T00:00:00+00:00,LONG,128.79894696,184.61226427,195.64213549,1420.63579771,48.97636626,1371.65943144,5.76863994
META,2024-09-11T00:00:00+00:00,2025-03-17T00:00:00+00:00,LONG,128.87914766,184.61226427,195.64213549,1421.52040112,49.00686294,1372.51353818,5.76863994
MSFT,2024-09-12T00:00:00+00:00,2025-02-27T00:00:00+00:00,LONG,58.05003971,427.2135,392.33373378,-2024.77181417,47.57474947,-2072.34656364,-8.3563168
AAPL,2025-02-13T00:00:00+00:00,2025-04-04T00:00:00+00:00,LONG,132.58050522,241.65076378,188.28581488,-7075.15188623,57.00120881,-7132.15309505,-22.26141752
JPM,2025-04-24T00:00:00+00:00,2025-12-31T00:00:00+00:00,LONG,107.11695208,244.76231939,322.05889122,8279.77318069,60.71616046,8219.05702024,31.34867769
XOM,2025-04-24T00:00:00+00:00,2025-12-31T00:00:00+00:00,LONG,107.09767424,244.76231939,322.05889122,8278.28306979,60.70523337,8217.57783642,31.34867769
AVGO,2025-04-25T00:00:00+00:00,2025-12-31T00:00:00+00:00,LONG,136.21579747,192.40615256,345.9269561,20911.95868278,73.3294737,20838.62920908,79.51017595
TSLA,2025-04-25T00:00:00+00:00,2025-12-31T00:00:00+00:00,LONG,136.11846357,192.40615256,345.9269561,20897.01590462,73.27707564,20823.73882898,79.51017595
MSFT,2025-06-10T00:00:00+00:00,2025-12-03T00:00:00+00:00,LONG,60.47990771,471.15547343,477.49114598,383.18089086,57.37405999,325.80683087,1.14336482
NVDA,2025-06-27T00:00:00+00:00,2025-12-18T00:00:00+00:00,LONG,190.20381456,157.828875,174.05292939,3085.87703253,63.12518517,3022.75184735,10.06924277
AMZN,2025-07-08T00:00:00+00:00,2025-12-31T00:00:00+00:00,LONG,137.99927921,219.46968061,230.70459732,1550.41040799,62.12372587,1488.28668211,4.91400106
GOOGL,2025-07-08T00:00:00+00:00,2025-12-31T00:00:00+00:00,LONG,137.79718295,219.46968061,230.70459732,1548.13987333,62.03274733,1486.10712599,4.91400106
META,2025-07-08T00:00:00+00:00,2025-12-31T00:00:00+00:00,LONG,137.23413792,219.46968061,230.70459732,1541.81410926,61.77927895,1480.03483031,4.91400106
AAPL,2025-09-15T00:00:00+00:00,2025-12-31T00:00:00+00:00,LONG,145.36758584,236.81834695,271.72405536,5074.15856406,73.92558132,5000.23298273,14.52470489
NVDA,2025-12-23T00:00:00+00:00,2025-12-31T00:00:00+00:00,LONG,184.30507965,189.30461172,186.40675,-534.09063461,69.24551245,-603.33614705,-1.72926219
