timestamp,benchmark_equity
2022-01-03 00:00:00+00:00,100000.0
2022-01-04 00:00:00+00:00,99905.60419802219
2022-01-05 00:00:00+00:00,96805.9830005417
2022-01-06 00:00:00+00:00,96602.4590536762
2022-01-07 00:00:00+00:00,95847.99558498792
2022-01-10 00:00:00+00:00,95799.12975410529
2022-01-11 00:00:00+00:00,96847.80318019539
2022-01-12 00:00:00+00:00,97119.93738651293
2022-01-13 00:00:00+00:00,94584.27797977242
2022-01-14 00:00:00+00:00,93774.81943114958
2022-01-18 00:00:00+00:00,91078.68706893276
2022-01-19 00:00:00+00:00,89458.20027262151
2022-01-20 00:00:00+00:00,87545.15871313887
2022-01-21 00:00:00+00:00,84660.9816791851
2022-01-24 00:00:00+00:00,85197.42772102705
2022-01-25 00:00:00+00:00,83681.65657734418
2022-01-26 00:00:00+00:00,84739.77076871709
2022-01-27 00:00:00+00:00,83897.87656712829
2022-01-28 00:00:00+00:00,86518.61769325096
2022-01-31 00:00:00+00:00,89399.36338607219
2022-02-01 00:00:00+00:00,90181.00342484491
2022-02-02 00:00:00+00:00,90660.48629122718
2022-02-03 00:00:00+00:00,86798.81757069471
2022-02-04 00:00:00+00:00,91100.92250314701
2022-02-07 00:00:00+00:00,91086.44543860973
2022-02-08 00:00:00+00:00,92842.73682761128
2022-02-09 00:00:00+00:00,94027.49755318352
2022-02-10 00:00:00+00:00,92175.00270627675
2022-02-11 00:00:00+00:00,89344.7954365938
2022-02-14 00:00:00+00:00,89770.90673171937
2022-02-15 00:00:00+00:00,92130.52219930156
2022-02-16 00:00:00+00:00,92240.58323287472
2022-02-17 00:00:00+00:00,89514.00212134075
2022-02-18 00:00:00+00:00,88812.95976866169
2022-02-22 00:00:00+00:00,88026.38802423033
2022-02-23 00:00:00+00:00,85528.57765799438
2022-02-24 00:00:00+00:00,87639.17585829171
2022-02-25 00:00:00+00:00,89064.55440718721
2022-02-28 00:00:00+00:00,88379.26937840684
2022-03-01 00:00:00+00:00,86247.45412535238
2022-03-02 00:00:00+00:00,87817.7628061856
2022-03-03 00:00:00+00:00,86433.8297021118
2022-03-04 00:00:00+00:00,85472.14274578598
2022-03-07 00:00:00+00:00,81560.561133621
2022-03-08 00:00:00+00:00,81213.22969576165
2022-03-09 00:00:00+00:00,84237.60174907156
2022-03-10 00:00:00+00:00,84640.72372382868
2022-03-11 00:00:00+00:00,83189.46415481271
2022-03-14 00:00:00+00:00,81808.49821267088
2022-03-15 00:00:00+00:00,84928.44999059399
2022-03-16 00:00:00+00:00,88072.88897241133
2022-03-17 00:00:00+00:00,89054.16043431048
2022-03-18 00:00:00+00:00,90887.89945299448
2022-03-21 00:00:00+00:00,90731.95864305474
2022-03-22 00:00:00+00:00,92266.12284544474
2022-03-23 00:00:00+00:00,90937.88713436236
2022-03-24 00:00:00+00:00,93093.64188868816
2022-03-25 00:00:00+00:00,93388.33642929027
2022-03-28 00:00:00+00:00,94554.80088321112
2022-03-29 00:00:00+00:00,95379.66380619783
2022-03-30 00:00:00+00:00,94024.52082131522
2022-03-31 00:00:00+00:00,92404.92964901899
2022-04-01 00:00:00+00:00,92123.73940776978
2022-04-04 00:00:00+00:00,93885.75217395993
2022-04-05 00:00:00+00:00,91405.00878603324
2022-04-06 00:00:00+00:00,88854.48279633987
2022-04-07 00:00:00+00:00,88672.46016889319
2022-04-08 00:00:00+00:00,87294.56685566969
2022-04-11 00:00:00+00:00,85466.22589234958
2022-04-12 00:00:00+00:00,85233.46310314102
2022-04-13 00:00:00+00:00,86319.82669921896
2022-04-14 00:00:00+00:00,84108.07710921686
2022-04-18 00:00:00+00:00,85151.61452083413
2022-04-19 00:00:00+00:00,87162.9268072428
2022-04-20 00:00:00+00:00,86282.56372049151
2022-04-21 00:00:00+00:00,84360.54372992287
2022-04-22 00:00:00+00:00,82349.05375618009
2022-04-25 00:00:00+00:00,83063.87977023626
2022-04-26 00:00:00+00:00,79567.43951505881
2022-04-27 00:00:00+00:00,79389.9540945718
2022-04-28 00:00:00+00:00,82378.05205712454
2022-04-29 00:00:00+00:00,76468.19866453497
2022-05-02 00:00:00+00:00,77855.60347025246
2022-05-03 00:00:00+00:00,78302.70678703964
2022-05-04 00:00:00+00:00,80626.39876122786
2022-05-05 00:00:00+00:00,76462.93686380719
2022-05-06 00:00:00+00:00,76047.40548236173
2022-05-09 00:00:00+00:00,73083.24572537656
2022-05-10 00:00:00+00:00,73780.83725454009
2022-05-11 00:00:00+00:00,71615.7948404238
2022-05-12 00:00:00+00:00,71489.40961232208
2022-05-13 00:00:00+00:00,74130.76845209507
2022-05-16 00:00:00+00:00,73243.36926362077
2022-05-17 00:00:00+00:00,75964.23947469943
2022-05-18 00:00:00+00:00,71864.62988644953
2022-05-19 00:00:00+00:00,70789.35759888854
2022-05-20 00:00:00+00:00,70479.31374823178
2022-05-23 00:00:00+00:00,71476.51979440475
2022-05-24 00:00:00+00:00,70591.60432801994
2022-05-25 00:00:00+00:00,71763.40117438376
2022-05-26 00:00:00+00:00,73937.6626835276
2022-05-27 00:00:00+00:00,76723.8421122824
2022-05-31 00:00:00+00:00,77507.92654031522
2022-06-01 00:00:00+00:00,77176.70449787943
2022-06-02 00:00:00+00:00,78827.20679728682
2022-06-03 00:00:00+00:00,76892.46229283241
2022-06-06 00:00:00+00:00,77231.55556431063
2022-06-07 00:00:00+00:00,77612.76205216312
2022-06-08 00:00:00+00:00,76610.3269650665
2022-06-09 00:00:00+00:00,74457.11415235428
2022-06-10 00:00:00+00:00,71137.79077915315
2022-06-13 00:00:00+00:00,67882.0594540156
2022-06-14 00:00:00+00:00,67658.51306504448
2022-06-15 00:00:00+00:00,69559.59758569168
2022-06-16 00:00:00+00:00,66913.05923303276
2022-06-17 00:00:00+00:00,67613.69915328191
2022-06-21 00:00:00+00:00,69193.95625596632
2022-06-22 00:00:00+00:00,68814.65078156072
2022-06-23 00:00:00+00:00,69574.48376888476
2022-06-24 00:00:00+00:00,71829.39486387064
2022-06-27 00:00:00+00:00,70871.5450983932
2022-06-28 00:00:00+00:00,68781.19579970949
2022-06-29 00:00:00+00:00,68807.2486420033
2022-06-30 00:00:00+00:00,67491.21447230769
2022-07-01 00:00:00+00:00,68011.21240404002
2022-07-05 00:00:00+00:00,68870.14555232266
2022-07-06 00:00:00+00:00,69346.43829014551
2022-07-07 00:00:00+00:00,71024.44892990417
2022-07-08 00:00:00+00:00,70854.5272958219
2022-07-11 00:00:00+00:00,69083.39432781277
2022-07-12 00:00:00+00:00,68313.99328282678
2022-07-13 00:00:00+00:00,68379.99780002315
2022-07-14 00:00:00+00:00,68298.02667777824
2022-07-15 00:00:00+00:00,70022.17304576597
2022-07-18 00:00:00+00:00,69681.59370902233
2022-07-19 00:00:00+00:00,72018.00730038164
2022-07-20 00:00:00+00:00,73366.35564920635
2022-07-21 00:00:00+00:00,74252.8476403842
2022-07-22 00:00:00+00:00,73193.18143558851
2022-07-25 00:00:00+00:00,72836.24279415196
2022-07-26 00:00:00+00:00,70994.09458588148
2022-07-27 00:00:00+00:00,74012.73616400395
2022-07-28 00:00:00+00:00,74689.96083645136
2022-07-29 00:00:00+00:00,77517.2235870786
2022-08-01 00:00:00+00:00,77435.08229732991
2022-08-02 00:00:00+00:00,76693.30809047542
2022-08-03 00:00:00+00:00,78937.76214923016
2022-08-04 00:00:00+00:00,79627.40042759376
2022-08-05 00:00:00+00:00,79572.90576764199
2022-08-08 00:00:00+00:00,78474.7927570128
2022-08-09 00:00:00+00:00,77767.37515945578
2022-08-10 00:00:00+00:00,80304.17270956999
2022-08-11 00:00:00+00:00,79852.96770620866
2022-08-12 00:00:00+00:00,81596.4115959869
2022-08-15 00:00:00+00:00,81807.81972809209
2022-08-16 00:00:00+00:00,81931.51977059849
2022-08-17 00:00:00+00:00,80798.676434104
2022-08-18 00:00:00+00:00,81404.27399089652
2022-08-19 00:00:00+00:00,79441.98038177649
2022-08-22 00:00:00+00:00,76985.63017308847
2022-08-23 00:00:00+00:00,76935.85537289003
2022-08-24 00:00:00+00:00,77044.81641295602
2022-08-25 00:00:00+00:00,79037.40616756893
2022-08-26 00:00:00+00:00,75302.9569008072
2022-08-29 00:00:00+00:00,74537.01169168927
2022-08-30 00:00:00+00:00,73804.21858019124
2022-08-31 00:00:00+00:00,72893.72113930441
2022-09-01 00:00:00+00:00,72585.55216897588
2022-09-02 00:00:00+00:00,72335.5168307315
2022-09-06 00:00:00+00:00,71817.15704723455
2022-09-07 00:00:00+00:00,73192.38081917814
2022-09-08 00:00:00+00:00,73813.28372676767
2022-09-09 00:00:00+00:00,75275.97588123394
2022-09-12 00:00:00+00:00,76648.56946053206
2022-09-13 00:00:00+00:00,72247.81046872512
2022-09-14 00:00:00+00:00,72819.69988624885
2022-09-15 00:00:00+00:00,71884.67764856
2022-09-16 00:00:00+00:00,71352.41544178798
2022-09-19 00:00:00+00:00,71927.2308660017
2022-09-20 00:00:00+00:00,70942.19758204115
2022-09-21 00:00:00+00:00,69306.19348433474
2022-09-22 00:00:00+00:00,68569.14952816613
2022-09-23 00:00:00+00:00,67189.13749512982
2022-09-26 00:00:00+00:00,66855.12222533414
2022-09-27 00:00:00+00:00,66768.3986594148
2022-09-28 00:00:00+00:00,67844.30991953496
2022-09-29 00:00:00+00:00,65893.2143120135
2022-09-30 00:00:00+00:00,64787.01594007367
2022-10-03 00:00:00+00:00,66670.12555775014
2022-10-04 00:00:00+00:00,69567.785131678
2022-10-05 00:00:00+00:00,69437.69837681549
2022-10-06 00:00:00+00:00,68733.65550490965
2022-10-07 00:00:00+00:00,65864.25939743653
2022-10-10 00:00:00+00:00,64632.55051927471
2022-10-11 00:00:00+00:00,63569.78032435779
2022-10-12 00:00:00+00:00,63836.05138394948
2022-10-13 00:00:00+00:00,65368.2836778859
2022-10-14 00:00:00+00:00,63608.16182111504
2022-10-17 00:00:00+00:00,66356.94770993413
2022-10-18 00:00:00+00:00,67290.52966308268
2022-10-19 00:00:00+00:00,66762.99317051076
2022-10-20 00:00:00+00:00,66608.71890885485
2022-10-21 00:00:00+00:00,69147.39447435108
2022-10-24 00:00:00+00:00,69775.87787408198
2022-10-25 00:00:00+00:00,70540.24434857866
2022-10-26 00:00:00+00:00,69015.21693909775
2022-10-27 00:00:00+00:00,67780.55624151055
2022-10-28 00:00:00+00:00,68254.03125089634
2022-10-31 00:00:00+00:00,67619.23410711912
2022-11-01 00:00:00+00:00,66587.552400121
2022-11-02 00:00:00+00:00,64604.13076278017
2022-11-03 00:00:00+00:00,63331.42106640818
2022-11-04 00:00:00+00:00,65126.05843332322
2022-11-07 00:00:00+00:00,65702.66406534669
2022-11-08 00:00:00+00:00,65985.14415180373
2022-11-09 00:00:00+00:00,64057.63432822463
2022-11-10 00:00:00+00:00,69549.93070983767
2022-11-11 00:00:00+00:00,71127.28253498438
2022-11-14 00:00:00+00:00,70148.86758555601
2022-11-15 00:00:00+00:00,70678.22657520525
2022-11-16 00:00:00+00:00,69670.61894244755
2022-11-17 00:00:00+00:00,69237.89002832667
2022-11-18 00:00:00+00:00,69294.24802570704
2022-11-21 00:00:00+00:00,68783.55681973006
2022-11-22 00:00:00+00:00,69987.79087162286
2022-11-23 00:00:00+00:00,70722.63397057478
2022-11-25 00:00:00+00:00,70267.59026230933
2022-11-28 00:00:00+00:00,69302.9112350666
2022-11-29 00:00:00+00:00,69009.46622771825
2022-11-30 00:00:00+00:00,72074.45950542414
2022-12-01 00:00:00+00:00,71715.2979742351
2022-12-02 00:00:00+00:00,70936.92039171401
2022-12-05 00:00:00+00:00,69315.40139539381
2022-12-06 00:00:00+00:00,68148.40826496546
2022-12-07 00:00:00+00:00,67867.05375736224
2022-12-08 00:00:00+00:00,69282.51111659645
2022-12-09 00:00:00+00:00,69241.05073253899
2022-12-12 00:00:00+00:00,70627.84571992065
2022-12-13 00:00:00+00:00,71751.65177172898
2022-12-14 00:00:00+00:00,71363.74969011612
2022-12-15 00:00:00+00:00,69053.99933256992
2022-12-16 00:00:00+00:00,68422.04988470371
2022-12-19 00:00:00+00:00,67460.8662794782
2022-12-20 00:00:00+00:00,67397.55033402228
2022-12-21 00:00:00+00:00,68766.17703746405
2022-12-22 00:00:00+00:00,67061.48384774012
2022-12-23 00:00:00+00:00,67326.95236632442
2022-12-27 00:00:00+00:00,66514.60983365265
2022-12-28 00:00:00+00:00,65808.04087902015
2022-12-29 00:00:00+00:00,67285.03985232876
2022-12-30 00:00:00+00:00,67387.67905180395
2023-01-03 00:00:00+00:00,67290.44236271735
2023-01-04 00:00:00+00:00,67432.28679574413
2023-01-05 00:00:00+00:00,66354.73106851838
2023-01-06 00:00:00+00:00,68731.75166369144
2023-01-09 00:00:00+00:00,68888.49416235392
2023-01-10 00:00:00+00:00,69600.26043438003
2023-01-11 00:00:00+00:00,71132.3361184502
2023-01-12 00:00:00+00:00,71508.05855821948
2023-01-13 00:00:00+00:00,72581.02896662576
2023-01-17 00:00:00+00:00,72315.37456575014
2023-01-18 00:00:00+00:00,71255.43481352746
2023-01-19 00:00:00+00:00,70067.38552212827
2023-01-20 00:00:00+00:00,71711.7098509197
2023-01-23 00:00:00+00:00,73055.29067419596
2023-01-24 00:00:00+00:00,73178.28125199678
2023-01-25 00:00:00+00:00,73371.88078586139
2023-01-26 00:00:00+00:00,74721.51476648847
2023-01-27 00:00:00+00:00,75366.32281326901
2023-01-30 00:00:00+00:00,73910.78979947417
2023-01-31 00:00:00+00:00,74922.72510418677
2023-02-01 00:00:00+00:00,76444.46176691237
2023-02-02 00:00:00+00:00,78725.72611761153
2023-02-03 00:00:00+00:00,76883.19940449414
2023-02-06 00:00:00+00:00,76680.75207906534
2023-02-07 00:00:00+00:00,78121.53713993469
2023-02-08 00:00:00+00:00,77085.65919617457
2023-02-09 00:00:00+00:00,76316.30231311571
2023-02-10 00:00:00+00:00,75732.60228881857
2023-02-13 00:00:00+00:00,77074.13970159787
2023-02-14 00:00:00+00:00,77598.53689830292
2023-02-15 00:00:00+00:00,78055.16613676
2023-02-16 00:00:00+00:00,76508.59517543325
2023-02-17 00:00:00+00:00,75854.28484350204
2023-02-21 00:00:00+00:00,74018.60200657856
2023-02-22 00:00:00+00:00,73959.2070035568
2023-02-23 00:00:00+00:00,75422.24550366402
2023-02-24 00:00:00+00:00,74548.15075570831
2023-02-27 00:00:00+00:00,75144.16291919361
2023-02-28 00:00:00+00:00,75495.88803785825
2023-03-01 00:00:00+00:00,74631.1104490519
2023-03-02 00:00:00+00:00,74976.24276882736
2023-03-03 00:00:00+00:00,77410.11607858023
2023-03-06 00:00:00+00:00,77198.07231398672
2023-03-07 00:00:00+00:00,76117.0183391665
2023-03-08 00:00:00+00:00,76647.91586215387
2023-03-09 00:00:00+00:00,74723.70990711427
2023-03-10 00:00:00+00:00,74251.02368967462
2023-03-13 00:00:00+00:00,74570.70434006897
2023-03-14 00:00:00+00:00,76586.87379069619
2023-03-15 00:00:00+00:00,76054.71487122409
2023-03-16 00:00:00+00:00,78268.59301430835
2023-03-17 00:00:00+00:00,77409.8253960855
2023-03-20 00:00:00+00:00,77715.02697597329
2023-03-21 00:00:00+00:00,78686.35233688621
2023-03-22 00:00:00+00:00,77722.61932762142
2023-03-23 00:00:00+00:00,78393.77027066564
2023-03-24 00:00:00+00:00,77983.35679666458
2023-03-27 00:00:00+00:00,77813.25708943389
2023-03-28 00:00:00+00:00,77546.99065847415
2023-03-29 00:00:00+00:00,78652.898624589
2023-03-30 00:00:00+00:00,79487.07395086627
2023-03-31 00:00:00+00:00,80539.32820245669
2023-04-03 00:00:00+00:00,80494.12053599651
2023-04-04 00:00:00+00:00,80105.86108715361
2023-04-05 00:00:00+00:00,78963.62941315048
2023-04-06 00:00:00+00:00,79241.3765133611
2023-04-10 00:00:00+00:00,79425.33248366376
2023-04-11 00:00:00+00:00,78531.99481632178
2023-04-12 00:00:00+00:00,77772.22803082345
2023-04-13 00:00:00+00:00,79343.785423737
2023-04-14 00:00:00+00:00,80394.3177666913
2023-04-17 00:00:00+00:00,80968.21495250739
2023-04-18 00:00:00+00:00,81510.54827564379
2023-04-19 00:00:00+00:00,82059.88957081542
2023-04-20 00:00:00+00:00,81479.98014394124
2023-04-21 00:00:00+00:00,81902.50014216041
2023-04-24 00:00:00+00:00,81715.68390568919
2023-04-25 00:00:00+00:00,79777.55265119602
2023-04-26 00:00:00+00:00,80557.05424560199
2023-04-27 00:00:00+00:00,82328.90727583962
2023-04-28 00:00:00+00:00,82266.67363416258
2023-05-01 00:00:00+00:00,82709.15605404615
2023-05-02 00:00:00+00:00,81638.57139465894
2023-05-03 00:00:00+00:00,81078.87420427271
2023-05-04 00:00:00+00:00,80678.06542443532
2023-05-05 00:00:00+00:00,82851.34574720955
2023-05-08 00:00:00+00:00,82982.90595334876
2023-05-09 00:00:00+00:00,82385.36157601204
2023-05-10 00:00:00+00:00,83617.71500182342
2023-05-11 00:00:00+00:00,83799.88066383696
2023-05-12 00:00:00+00:00,83147.70218658326
2023-05-15 00:00:00+00:00,83904.44082891234
2023-05-16 00:00:00+00:00,84383.0792859222
2023-05-17 00:00:00+00:00,86168.88814072947
2023-05-18 00:00:00+00:00,88143.96844428292
2023-05-19 00:00:00+00:00,87764.26850217117
2023-05-22 00:00:00+00:00,87289.61871304727
2023-05-23 00:00:00+00:00,86869.21230439405
2023-05-24 00:00:00+00:00,86737.7654005797
2023-05-25 00:00:00+00:00,90850.50020691603
2023-05-26 00:00:00+00:00,95100.79057596262
2023-05-30 00:00:00+00:00,95594.19466562543
2023-05-31 00:00:00+00:00,94483.96728656806
2023-06-01 00:00:00+00:00,95481.7306567396
2023-06-02 00:00:00+00:00,96748.99413006841
2023-06-05 00:00:00+00:00,96359.76647943011
2023-06-06 00:00:00+00:00,95990.96910239413
2023-06-07 00:00:00+00:00,94514.60344635505
2023-06-08 00:00:00+00:00,95950.94220367525
2023-06-09 00:00:00+00:00,96007.32756766598
2023-06-12 00:00:00+00:00,98631.79712588493
2023-06-13 00:00:00+00:00,99203.74956355944
2023-06-14 00:00:00+00:00,100935.01326813942
2023-06-15 00:00:00+00:00,101491.87921958836
2023-06-16 00:00:00+00:00,100546.47455178526
2023-06-20 00:00:00+00:00,100752.42152681395
2023-06-21 00:00:00+00:00,99499.88609196657
2023-06-22 00:00:00+00:00,100283.99108810381
2023-06-23 00:00:00+00:00,99009.27597844151
2023-06-26 00:00:00+00:00,97890.74141021869
2023-06-27 00:00:00+00:00,99769.45251245121
2023-06-28 00:00:00+00:00,99507.12336180054
2023-06-29 00:00:00+00:00,100243.02295248947
2023-06-30 00:00:00+00:00,101967.25442301309
2023-07-03 00:00:00+00:00,102236.69595636644
2023-07-05 00:00:00+00:00,101492.42135586051
2023-07-06 00:00:00+00:00,100590.55898670215
2023-07-07 00:00:00+00:00,100892.35332428972
2023-07-10 00:00:00+00:00,101078.1110749532
2023-07-11 00:00:00+00:00,101844.31583572741
2023-07-12 00:00:00+00:00,103259.57513764212
2023-07-13 00:00:00+00:00,104871.47189352704
2023-07-14 00:00:00+00:00,104912.67920054274
2023-07-17 00:00:00+00:00,106343.68836731021
2023-07-18 00:00:00+00:00,106780.8728052167
2023-07-19 00:00:00+00:00,107042.23477240939
2023-07-20 00:00:00+00:00,105063.2782832716
2023-07-21 00:00:00+00:00,104615.43687677084
2023-07-24 00:00:00+00:00,105112.47561623275
2023-07-25 00:00:00+00:00,106096.50218613012
2023-07-26 00:00:00+00:00,104867.82484316561
2023-07-27 00:00:00+00:00,104551.28889718746
2023-07-28 00:00:00+00:00,106201.4044130199
2023-07-31 00:00:00+00:00,106509.59991532117
2023-08-01 00:00:00+00:00,106599.20652507177
2023-08-02 00:00:00+00:00,103757.64035590479
2023-08-03 00:00:00+00:00,103756.7787690864
2023-08-04 00:00:00+00:00,105076.13934749157
2023-08-07 00:00:00+00:00,106240.59957836971
2023-08-08 00:00:00+00:00,104992.17511246979
2023-08-09 00:00:00+00:00,102484.83394912079
2023-08-10 00:00:00+00:00,102299.00974476273
2023-08-11 00:00:00+00:00,101410.30033862745
2023-08-14 00:00:00+00:00,103708.4270979793
2023-08-15 00:00:00+00:00,102247.92395440473
2023-08-16 00:00:00+00:00,101181.00352574406
2023-08-17 00:00:00+00:00,100325.06582783694
2023-08-18 00:00:00+00:00,100195.36215850743
2023-08-21 00:00:00+00:00,103153.66402536543
2023-08-22 00:00:00+00:00,102075.05849240808
2023-08-23 00:00:00+00:00,103878.01454422159
2023-08-24 00:00:00+00:00,102091.05011203955
2023-08-25 00:00:00+00:00,102071.48738559852
2023-08-28 00:00:00+00:00,102772.19914125593
2023-08-29 00:00:00+00:00,105105.77995470642
2023-08-30 00:00:00+00:00,105495.24871030447
2023-08-31 00:00:00+00:00,106720.95710116747
2023-09-01 00:00:00+00:00,105115.5815267763
2023-09-05 00:00:00+00:00,104927.2275801682
2023-09-06 00:00:00+00:00,103677.55245059943
2023-09-07 00:00:00+00:00,102848.14755429744
2023-09-08 00:00:00+00:00,102886.53267613816
2023-09-11 00:00:00+00:00,103913.4325460424
2023-09-12 00:00:00+00:00,102921.23526222535
2023-09-13 00:00:00+00:00,104038.27877905803
2023-09-14 00:00:00+00:00,105125.58931866652
2023-09-15 00:00:00+00:00,102855.52698329509
2023-09-18 00:00:00+00:00,102920.9203396661
2023-09-19 00:00:00+00:00,102359.69757318775
2023-09-20 00:00:00+00:00,100450.71660422224
2023-09-21 00:00:00+00:00,98059.86247048304
2023-09-22 00:00:00+00:00,98642.0725268751
2023-09-25 00:00:00+00:00,99544.55683581695
2023-09-26 00:00:00+00:00,97400.63650283983
2023-09-27 00:00:00+00:00,97644.7387559603
2023-09-28 00:00:00+00:00,98572.45504286347
2023-09-29 00:00:00+00:00,98640.1871999618
2023-10-02 00:00:00+00:00,99775.53715089108
2023-10-03 00:00:00+00:00,97457.9214178233
2023-10-04 00:00:00+00:00,98618.82096293279
2023-10-05 00:00:00+00:00,98677.00261391206
2023-10-06 00:00:00+00:00,100680.76586847562
2023-10-09 00:00:00+00:00,101009.51240675783
2023-10-10 00:00:00+00:00,101508.03640825111
2023-10-11 00:00:00+00:00,103003.0525306935
2023-10-12 00:00:00+00:00,104043.42704045383
2023-10-13 00:00:00+00:00,102493.79758486994
2023-10-16 00:00:00+00:00,103895.80488970122
2023-10-17 00:00:00+00:00,102298.5393088013
2023-10-18 00:00:00+00:00,100880.89409508285
2023-10-19 00:00:00+00:00,100256.56279728291
2023-10-20 00:00:00+00:00,98452.6392492734
2023-10-23 00:00:00+00:00,99328.12673735536
2023-10-24 00:00:00+00:00,100559.54838488033
2023-10-25 00:00:00+00:00,97801.72588057656
2023-10-26 00:00:00+00:00,95740.50625572883
2023-10-27 00:00:00+00:00,97090.01363508668
2023-10-30 00:00:00+00:00,98823.33132625346
2023-10-31 00:00:00+00:00,99020.47317511644
2023-11-01 00:00:00+00:00,100969.38101129534
2023-11-02 00:00:00+00:00,102675.16766895482
2023-11-03 00:00:00+00:00,103887.96416329689
2023-11-06 00:00:00+00:00,104667.30916645509
2023-11-07 00:00:00+00:00,106023.31513829988
2023-11-08 00:00:00+00:00,106745.58772242405
2023-11-09 00:00:00+00:00,106462.86048001633
2023-11-10 00:00:00+00:00,109587.13280783885
2023-11-13 00:00:00+00:00,108934.05563745866
2023-11-14 00:00:00+00:00,111209.26337180426
2023-11-15 00:00:00+00:00,110744.31274333596
2023-11-16 00:00:00+00:00,110896.89463017308
2023-11-17 00:00:00+00:00,111777.89773679423
2023-11-20 00:00:00+00:00,113237.6796165634
2023-11-21 00:00:00+00:00,112038.58343000272
2023-11-22 00:00:00+00:00,112072.33862906547
2023-11-24 00:00:00+00:00,111912.49062666268
2023-11-27 00:00:00+00:00,111360.32723395075
2023-11-28 00:00:00+00:00,111179.0178672711
2023-11-29 00:00:00+00:00,110918.36790940062
2023-11-30 00:00:00+00:00,110219.10128682184
2023-12-01 00:00:00+00:00,110545.11194222506
2023-12-04 00:00:00+00:00,109443.46935764921
2023-12-05 00:00:00+00:00,110143.77408967595
2023-12-06 00:00:00+00:00,108712.6641540242
2023-12-07 00:00:00+00:00,110283.16819568054
2023-12-08 00:00:00+00:00,111735.96442382266
2023-12-11 00:00:00+00:00,113581.04468977288
2023-12-12 00:00:00+00:00,115852.33891251299
2023-12-13 00:00:00+00:00,117004.84756335031
2023-12-14 00:00:00+00:00,117466.8919300707
2023-12-15 00:00:00+00:00,119063.21173254498
2023-12-18 00:00:00+00:00,120788.25240596128
2023-12-19 00:00:00+00:00,120708.69524457715
2023-12-20 00:00:00+00:00,118608.80727640298
2023-12-21 00:00:00+00:00,119909.78671729268
2023-12-22 00:00:00+00:00,119581.9844106324
2023-12-26 00:00:00+00:00,120122.7126543929
2023-12-27 00:00:00+00:00,120096.52620273513
2023-12-28 00:00:00+00:00,120196.15010035381
2023-12-29 00:00:00+00:00,119697.18137070855
2024-01-02 00:00:00+00:00,117674.92640516415
2024-01-03 00:00:00+00:00,116233.77248513506
2024-01-04 00:00:00+00:00,115202.91758741299
2024-01-05 00:00:00+00:00,115754.45994885452
2024-01-08 00:00:00+00:00,118669.8068989756
2024-01-09 00:00:00+00:00,119435.85010651553
2024-01-10 00:00:00+00:00,120505.88349690956
2024-01-11 00:00:00+00:00,121436.64253116498
2024-01-12 00:00:00+00:00,121511.27130575877
2024-01-16 00:00:00+00:00,121825.6828388074
2024-01-17 00:00:00+00:00,120933.36022734921
2024-01-18 00:00:00+00:00,123310.86744524595
2024-01-19 00:00:00+00:00,127116.98625398264
2024-01-22 00:00:00+00:00,127391.6723247651
2024-01-23 00:00:00+00:00,127861.60562639398
2024-01-24 00:00:00+00:00,129595.29988463472
2024-01-25 00:00:00+00:00,129467.84129615834
2024-01-26 00:00:00+00:00,128551.21695767989
2024-01-29 00:00:00+00:00,129983.4126503072
2024-01-30 00:00:00+00:00,129599.72427026572
2024-01-31 00:00:00+00:00,126902.53643765993
2024-02-01 00:00:00+00:00,128964.59594651083
2024-02-02 00:00:00+00:00,133234.6949701173
2024-02-05 00:00:00+00:00,134495.04459954362
2024-02-06 00:00:00+00:00,133464.4863265508
2024-02-07 00:00:00+00:00,135670.33994330568
2024-02-08 00:00:00+00:00,135794.47334510894
2024-02-09 00:00:00+00:00,137942.59027122718
2024-02-12 00:00:00+00:00,136898.35536793413
2024-02-13 00:00:00+00:00,135232.37207431858
2024-02-14 00:00:00+00:00,136816.05006344162
2024-02-15 00:00:00+00:00,136653.39703481388
2024-02-16 00:00:00+00:00,135732.9955037416
2024-02-20 00:00:00+00:00,133692.42893337796
2024-02-21 00:00:00+00:00,133496.29930550876
2024-02-22 00:00:00+00:00,141223.8511037384
2024-02-23 00:00:00+00:00,141104.47925639935
2024-02-26 00:00:00+00:00,141298.4466392871
2024-02-27 00:00:00+00:00,140660.28609278207
2024-02-28 00:00:00+00:00,140099.16720220947
2024-02-29 00:00:00+00:00,141895.61354472034
2024-03-01 00:00:00+00:00,146079.85382916694
2024-03-04 00:00:00+00:00,146946.44656532392
2024-03-05 00:00:00+00:00,144375.49595377446
2024-03-06 00:00:00+00:00,145444.5806259357
2024-03-07 00:00:00+00:00,149062.62387058284
2024-03-08 00:00:00+00:00,144184.57589434387
2024-03-11 00:00:00+00:00,142603.93868573863
2024-03-12 00:00:00+00:00,145748.0416301874
2024-03-13 00:00:00+00:00,144658.00165462066
2024-03-14 00:00:00+00:00,144182.11563937174
2024-03-15 00:00:00+00:00,142581.56477084043
2024-03-18 00:00:00+00:00,143228.984128059
2024-03-19 00:00:00+00:00,144206.8732635579
2024-03-20 00:00:00+00:00,146642.3786157578
2024-03-21 00:00:00+00:00,149226.4451301305
2024-03-22 00:00:00+00:00,150195.0261506133
2024-03-25 00:00:00+00:00,150045.78468634887
2024-03-26 00:00:00+00:00,148395.18351818426
2024-03-27 00:00:00+00:00,148172.5620694198
2024-03-28 00:00:00+00:00,148480.71539710212
2024-04-01 00:00:00+00:00,149203.3021817756
2024-04-02 00:00:00+00:00,148336.04482046352
2024-04-03 00:00:00+00:00,149159.70202593465
2024-04-04 00:00:00+00:00,145891.484827014
2024-04-05 00:00:00+00:00,148636.0910050707
2024-04-08 00:00:00+00:00,148303.849351561
2024-04-09 00:00:00+00:00,147689.84124081483
2024-04-10 00:00:00+00:00,147543.62561788165
2024-04-11 00:00:00+00:00,151622.16211598873
2024-04-12 00:00:00+00:00,147483.27289792482
2024-04-15 00:00:00+00:00,144863.0654675016
2024-04-16 00:00:00+00:00,145421.2935370425
2024-04-17 00:00:00+00:00,142293.35148711322
2024-04-18 00:00:00+00:00,141294.88248119582
2024-04-19 00:00:00+00:00,136334.70940250513
2024-04-22 00:00:00+00:00,139037.11174325465
2024-04-23 00:00:00+00:00,141747.2382215802
2024-04-24 00:00:00+00:00,140823.5399946438
2024-04-25 00:00:00+00:00,142208.54469647352
2024-04-26 00:00:00+00:00,146647.13509647327
2024-04-29 00:00:00+00:00,146809.22502284683
2024-04-30 00:00:00+00:00,143403.19411741212
2024-05-01 00:00:00+00:00,141386.4213277079
2024-05-02 00:00:00+00:00,143452.53251237184
2024-05-03 00:00:00+00:00,146583.61174063935
2024-05-06 00:00:00+00:00,149403.43348504207
2024-05-07 00:00:00+00:00,148551.88425926006
2024-05-08 00:00:00+00:00,149579.01491888077
2024-05-09 00:00:00+00:00,149078.87708163468
2024-05-10 00:00:00+00:00,150062.60362083107
2024-05-13 00:00:00+00:00,150359.42817123953
2024-05-14 00:00:00+00:00,152539.07708405907
2024-05-15 00:00:00+00:00,155523.38711108058
2024-05-16 00:00:00+00:00,154281.7802825035
2024-05-17 00:00:00+00:00,153603.55472293322
2024-05-20 00:00:00+00:00,153806.67352995652
2024-05-21 00:00:00+00:00,154161.885667664
2024-05-22 00:00:00+00:00,153618.64650703003
2024-05-23 00:00:00+00:00,155723.9935489623
2024-05-24 00:00:00+00:00,157729.79359369
2024-05-28 00:00:00+00:00,160438.31254525977
2024-05-29 00:00:00+00:00,159875.69918741146
2024-05-30 00:00:00+00:00,156935.44209741123
2024-05-31 00:00:00+00:00,155543.94357965275
2024-06-03 00:00:00+00:00,157409.2639323004
2024-06-04 00:00:00+00:00,158096.09371609282
2024-06-05 00:00:00+00:00,162996.8510460305
2024-06-06 00:00:00+00:00,162712.21254372149
2024-06-07 00:00:00+00:00,163202.77110510794
2024-06-10 00:00:00+00:00,164879.05580843243
2024-06-11 00:00:00+00:00,165501.91740055726
2024-06-12 00:00:00+00:00,168131.49468059296
2024-06-13 00:00:00+00:00,174932.3137381836
2024-06-14 00:00:00+00:00,177294.26419265417
2024-06-17 00:00:00+00:00,180446.32984596133
2024-06-18 00:00:00+00:00,181017.39568041713
2024-06-20 00:00:00+00:00,177888.0997225406
2024-06-21 00:00:00+00:00,174434.0729546213
2024-06-24 00:00:00+00:00,169296.5937417468
2024-06-25 00:00:00+00:00,171786.03142524298
2024-06-26 00:00:00+00:00,173693.48803286918
2024-06-27 00:00:00+00:00,173761.36108509288
2024-06-28 00:00:00+00:00,173385.8191171307
2024-07-01 00:00:00+00:00,176420.49139866765
2024-07-02 00:00:00+00:00,177562.8396639985
2024-07-03 00:00:00+00:00,181261.62023927763
2024-07-05 00:00:00+00:00,180074.9319986868
2024-07-08 00:00:00+00:00,182108.584182577
2024-07-09 00:00:00+00:00,182946.09926302117
2024-07-10 00:00:00+00:00,184998.10916922346
2024-07-11 00:00:00+00:00,179816.7266985395
2024-07-12 00:00:00+00:00,179988.18141927847
2024-07-15 00:00:00+00:00,180675.27873845305
2024-07-16 00:00:00+00:00,179754.45784410977
2024-07-17 00:00:00+00:00,171935.65956393338
2024-07-18 00:00:00+00:00,172393.29734776422
2024-07-19 00:00:00+00:00,170164.26752703497
2024-07-22 00:00:00+00:00,173260.03227425693
2024-07-23 00:00:00+00:00,174562.23044753255
2024-07-24 00:00:00+00:00,166016.04972406523
2024-07-25 00:00:00+00:00,164200.8815462612
2024-07-26 00:00:00+00:00,166313.57276340938
2024-07-29 00:00:00+00:00,165410.716887435
2024-07-30 00:00:00+00:00,160972.5359486841
2024-07-31 00:00:00+00:00,171234.5787958835
2024-08-01 00:00:00+00:00,163170.65698069625
2024-08-02 00:00:00+00:00,157448.98400367735
2024-08-05 00:00:00+00:00,151944.14307353692
2024-08-06 00:00:00+00:00,154614.7138334585
2024-08-07 00:00:00+00:00,150797.64525831342
2024-08-08 00:00:00+00:00,156969.99759728962
2024-08-09 00:00:00+00:00,158333.139688021
2024-08-12 00:00:00+00:00,159977.36434410795
2024-08-13 00:00:00+00:00,165855.45567140068
2024-08-14 00:00:00+00:00,167332.29492946065
2024-08-15 00:00:00+00:00,173234.0533960003
2024-08-16 00:00:00+00:00,173884.0727227584
2024-08-19 00:00:00+00:00,176753.39048343635
2024-08-20 00:00:00+00:00,175442.65546738563
2024-08-21 00:00:00+00:00,176007.07042967068
2024-08-22 00:00:00+00:00,172580.6149754237
2024-08-23 00:00:00+00:00,176193.7833040937
2024-08-26 00:00:00+00:00,172950.82794726102
2024-08-27 00:00:00+00:00,173858.45404510506
2024-08-28 00:00:00+00:00,171544.98203970434
2024-08-29 00:00:00+00:00,169108.26170818115
2024-08-30 00:00:00+00:00,172995.37605708808
2024-09-03 00:00:00+00:00,164671.4004953918
2024-09-04 00:00:00+00:00,163722.47770401425
2024-09-05 00:00:00+00:00,164323.86436057903
2024-09-06 00:00:00+00:00,156030.43128783733
2024-09-09 00:00:00+00:00,159759.70689978285
2024-09-10 00:00:00+00:00,162077.56230058856
2024-09-11 00:00:00+00:00,169521.3718999724
2024-09-12 00:00:00+00:00,172641.26351958458
2024-09-13 00:00:00+00:00,173292.3430246894
2024-09-16 00:00:00+00:00,171254.58868825465
2024-09-17 00:00:00+00:00,171054.0729589191
2024-09-18 00:00:00+00:00,169868.49633497946
2024-09-19 00:00:00+00:00,174751.49006732533
2024-09-20 00:00:00+00:00,175481.27480255734
2024-09-23 00:00:00+00:00,176419.44096209528
2024-09-24 00:00:00+00:00,178475.244010874
2024-09-25 00:00:00+00:00,179164.70948099662
2024-09-26 00:00:00+00:00,179862.93776545257
2024-09-27 00:00:00+00:00,176802.3012937836
2024-09-30 00:00:00+00:00,176868.45423747977
2024-10-01 00:00:00+00:00,172533.90792873417
2024-10-02 00:00:00+00:00,174000.67504047064
2024-10-03 00:00:00+00:00,174873.16681824907
2024-10-04 00:00:00+00:00,178582.2417698321
2024-10-07 00:00:00+00:00,177524.81695938332
2024-10-08 00:00:00+00:00,181639.13988694618
2024-10-09 00:00:00+00:00,184184.20958530836
2024-10-10 00:00:00+00:00,184935.87912501214
2024-10-11 00:00:00+00:00,185146.52838697564
2024-10-14 00:00:00+00:00,186447.14892232238
2024-10-15 00:00:00+00:00,182657.68022777818
2024-10-16 00:00:00+00:00,184100.53775305045
2024-10-17 00:00:00+00:00,186169.77453134628
2024-10-18 00:00:00+00:00,186604.66895648142
2024-10-21 00:00:00+00:00,188351.29650132707
2024-10-22 00:00:00+00:00,188603.69671134307
2024-10-23 00:00:00+00:00,184162.42470647936
2024-10-24 00:00:00+00:00,184274.99315987286
2024-10-25 00:00:00+00:00,185220.98869705352
2024-10-28 00:00:00+00:00,185142.7550384701
2024-10-29 00:00:00+00:00,187844.97514654524
2024-10-30 00:00:00+00:00,186769.37494941035
2024-10-31 00:00:00+00:00,180078.7858161122
2024-11-01 00:00:00+00:00,182810.26121029677
2024-11-04 00:00:00+00:00,182038.63825086667
2024-11-05 00:00:00+00:00,185968.38329196896
2024-11-06 00:00:00+00:00,194283.56743808737
2024-11-07 00:00:00+00:00,196272.14401427217
2024-11-08 00:00:00+00:00,195435.9844086002
2024-11-11 00:00:00+00:00,192987.48465362814
2024-11-12 00:00:00+00:00,193730.14096119464
2024-11-13 00:00:00+00:00,193488.8505398925
2024-11-14 00:00:00+00:00,192534.04670242476
2024-11-15 00:00:00+00:00,187608.52414800465
2024-11-18 00:00:00+00:00,187245.0202521388
2024-11-19 00:00:00+00:00,189773.306405303
2024-11-20 00:00:00+00:00,188148.86116503633
2024-11-21 00:00:00+00:00,188211.25875296266
2024-11-22 00:00:00+00:00,187176.17281931863
2024-11-25 00:00:00+00:00,186581.16106938754
2024-11-26 00:00:00+00:00,188339.90038912298
2024-11-27 00:00:00+00:00,185734.67157913232
2024-11-29 00:00:00+00:00,187943.17983492566
2024-12-02 00:00:00+00:00,189821.13389564079
2024-12-03 00:00:00+00:00,191335.20838215115
2024-12-04 00:00:00+00:00,194542.90915421676
2024-12-05 00:00:00+00:00,195324.23155171622
2024-12-06 00:00:00+00:00,198576.85629517684
2024-12-09 00:00:00+00:00,196877.26133386395
2024-12-10 00:00:00+00:00,193159.13911778052
2024-12-11 00:00:00+00:00,199101.64642731287
2024-12-12 00:00:00+00:00,197305.09030134298
2024-12-13 00:00:00+00:00,209066.47247459608
2024-12-16 00:00:00+00:00,217125.0327599055
2024-12-17 00:00:00+00:00,213400.2581533939
2024-12-18 00:00:00+00:00,204232.82185547985
2024-12-19 00:00:00+00:00,204115.28258167312
2024-12-20 00:00:00+00:00,207300.88578269954
2024-12-23 00:00:00+00:00,212561.2828636904
2024-12-24 00:00:00+00:00,216424.12903619115
2024-12-26 00:00:00+00:00,217799.60960634498
2024-12-27 00:00:00+00:00,214502.20222688717
2024-12-30 00:00:00+00:00,211784.55085375998
2024-12-31 00:00:00+00:00,209109.2070246063
2025-01-02 00:00:00+00:00,210219.83005626986
2025-01-03 00:00:00+00:00,213656.96896041333
2025-01-06 00:00:00+00:00,216993.5748157022
2025-01-07 00:00:00+00:00,210568.26155329178
2025-01-08 00:00:00+00:00,210851.23396092694
2025-01-10 00:00:00+00:00,206495.4708835063
2025-01-13 00:00:00+00:00,206166.31401204388
2025-01-14 00:00:00+00:00,205673.4254080541
2025-01-15 00:00:00+00:00,210313.5101758422
2025-01-16 00:00:00+00:00,209036.44470931267
2025-01-17 00:00:00+00:00,214593.86682636692
2025-01-21 00:00:00+00:00,217394.3538227267
2025-01-22 00:00:00+00:00,220974.56383803627
2025-01-23 00:00:00+00:00,221297.14726734807
2025-01-24 00:00:00+00:00,220737.50711247924
2025-01-27 00:00:00+00:00,200198.28287567743
2025-01-28 00:00:00+00:00,206763.664331574
2025-01-29 00:00:00+00:00,204358.4377444578
2025-01-30 00:00:00+00:00,206343.22587828114
2025-01-31 00:00:00+00:00,206849.08184912984
2025-02-03 00:00:00+00:00,203980.58352591787
2025-02-04 00:00:00+00:00,207321.49796864166
2025-02-05 00:00:00+00:00,211539.0948629647
2025-02-06 00:00:00+00:00,214009.6322795168
2025-02-07 00:00:00+00:00,210109.22964995075
2025-02-10 00:00:00+00:00,214602.55456756154
2025-02-11 00:00:00+00:00,215018.33491031954
2025-02-12 00:00:00+00:00,214406.63829596885
2025-02-13 00:00:00+00:00,216280.53976389885
2025-02-14 00:00:00+00:00,216471.7691094394
2025-02-18 00:00:00+00:00,215381.74322148247
2025-02-19 00:00:00+00:00,215470.73030880434
2025-02-20 00:00:00+00:00,213056.16625260568
2025-02-21 00:00:00+00:00,207056.4654369922
2025-02-24 00:00:00+00:00,201362.83469612917
2025-02-25 00:00:00+00:00,197868.89549582417
2025-02-26 00:00:00+00:00,202680.87513751799
2025-02-27 00:00:00+00:00,193082.16088878512
2025-02-28 00:00:00+00:00,196855.76981054252
2025-03-03 00:00:00+00:00,187374.22045674757
2025-03-04 00:00:00+00:00,186438.93737338015
2025-03-05 00:00:00+00:00,189431.45845628146
2025-03-06 00:00:00+00:00,181428.1234494886
2025-03-07 00:00:00+00:00,186124.7931627404
2025-03-10 00:00:00+00:00,177957.10220920297
2025-03-11 00:00:00+00:00,179872.3903592499
2025-03-12 00:00:00+00:00,183561.68845024594
2025-03-13 00:00:00+00:00,180892.27637567936
2025-03-14 00:00:00+00:00,186287.7239529951
2025-03-17 00:00:00+00:00,185091.1050241853
2025-03-18 00:00:00+00:00,181359.95087984545
2025-03-19 00:00:00+00:00,185393.73870839408
2025-03-20 00:00:00+00:00,184004.28704172335
2025-03-21 00:00:00+00:00,184973.46200226768
2025-03-24 00:00:00+00:00,188307.5278775208
2025-03-25 00:00:00+00:00,188206.07113689647
2025-03-26 00:00:00+00:00,182099.04739833027
2025-03-27 00:00:00+00:00,178956.73443563082
2025-03-28 00:00:00+00:00,174655.35692513047
2025-03-31 00:00:00+00:00,173718.0060236791
2025-04-01 00:00:00+00:00,175029.080051761
2025-04-02 00:00:00+00:00,177175.28423472442
2025-04-03 00:00:00+00:00,162237.8270744397
2025-04-04 00:00:00+00:00,152631.7959030219
2025-04-07 00:00:00+00:00,156929.38609457092
2025-04-08 00:00:00+00:00,155949.8378264643
2025-04-09 00:00:00+00:00,179000.5142377779
2025-04-10 00:00:00+00:00,169511.94460464595
2025-04-11 00:00:00+00:00,175937.72840483772
2025-04-14 00:00:00+00:00,174339.0514541012
2025-04-15 00:00:00+00:00,174286.52978149184
2025-04-16 00:00:00+00:00,168202.6789566202
2025-04-17 00:00:00+00:00,166137.55081978
2025-04-21 00:00:00+00:00,161408.54614187012
2025-04-22 00:00:00+00:00,165521.51999204667
2025-04-23 00:00:00+00:00,171453.5958171377
2025-04-24 00:00:00+00:00,178181.2187326091
2025-04-25 00:00:00+00:00,181438.4828501297
2025-04-28 00:00:00+00:00,180488.49253435194
2025-04-29 00:00:00+00:00,180456.2067639139
2025-04-30 00:00:00+00:00,180399.4226948857
2025-05-01 00:00:00+00:00,185001.61616445045
2025-05-02 00:00:00+00:00,188377.26939730984
2025-05-05 00:00:00+00:00,186309.8743938189
2025-05-06 00:00:00+00:00,185275.3346113084
2025-05-07 00:00:00+00:00,188412.8337525521
2025-05-08 00:00:00+00:00,190718.28447039434
2025-05-09 00:00:00+00:00,190807.0575014175
2025-05-12 00:00:00+00:00,201542.60051939168
2025-05-13 00:00:00+00:00,208072.44924328377
2025-05-14 00:00:00+00:00,209986.75434313825
2025-05-15 00:00:00+00:00,209266.02698576447
2025-05-16 00:00:00+00:00,208346.37764877235
2025-05-19 00:00:00+00:00,208781.91363948557
2025-05-20 00:00:00+00:00,208308.0257967075
2025-05-21 00:00:00+00:00,205340.91139887756
2025-05-22 00:00:00+00:00,206255.1991868893
2025-05-23 00:00:00+00:00,204357.25939734827
2025-05-27 00:00:00+00:00,209881.84738243083
2025-05-28 00:00:00+00:00,210253.04664475916
2025-05-29 00:00:00+00:00,212768.01420550598
2025-05-30 00:00:00+00:00,211382.66698192203
2025-06-02 00:00:00+00:00,214596.8582875595
2025-06-03 00:00:00+00:00,218475.81410755293
2025-06-04 00:00:00+00:00,219999.8096939842
2025-06-05 00:00:00+00:00,218844.7684196516
2025-06-06 00:00:00+00:00,217224.8424461826
2025-06-09 00:00:00+00:00,217388.2956997716
2025-06-10 00:00:00+00:00,218288.71345154033
2025-06-11 00:00:00+00:00,219415.10085958472
2025-06-12 00:00:00+00:00,221316.268815
2025-06-13 00:00:00+00:00,217212.65139060258
2025-06-16 00:00:00+00:00,220747.27496742416
2025-06-17 00:00:00+00:00,219220.05943597935
2025-06-18 00:00:00+00:00,220503.04416857922
2025-06-20 00:00:00+00:00,219367.39007209902
2025-06-23 00:00:00+00:00,221087.39402971184
2025-06-24 00:00:00+00:00,226524.55617531814
2025-06-25 00:00:00+00:00,229260.7254809512
2025-06-26 00:00:00+00:00,232768.0104721046
2025-06-27 00:00:00+00:00,234271.55125577596
2025-06-30 00:00:00+00:00,236177.34966437134
2025-07-01 00:00:00+00:00,231566.47768406957
2025-07-02 00:00:00+00:00,234760.410054492
2025-07-03 00:00:00+00:00,238447.93480223595
2025-07-07 00:00:00+00:00,237062.09008808347
2025-07-08 00:00:00+00:00,235038.98449979862
2025-07-09 00:00:00+00:00,238709.1192064497
2025-07-10 00:00:00+00:00,238942.3484092132
2025-07-11 00:00:00+00:00,239214.72938425036
2025-07-14 00:00:00+00:00,239497.4081099394
2025-07-15 00:00:00+00:00,243269.44242184024
2025-07-16 00:00:00+00:00,242857.78183663555
2025-07-17 00:00:00+00:00,245899.52464234544
2025-07-18 00:00:00+00:00,245345.9433542805
2025-07-21 00:00:00+00:00,247065.06252288705
2025-07-22 00:00:00+00:00,242417.44204420448
2025-07-23 00:00:00+00:00,246007.9389242102
2025-07-24 00:00:00+00:00,249300.14339288586
2025-07-25 00:00:00+00:00,249871.7740594987
2025-07-28 00:00:00+00:00,252361.79848300145
2025-07-29 00:00:00+00:00,252273.46538900808
2025-07-30 00:00:00+00:00,255163.66023766264
2025-07-31 00:00:00+00:00,252804.10868198384
2025-08-01 00:00:00+00:00,245076.93675910207
2025-08-04 00:00:00+00:00,250356.39497765107
2025-08-05 00:00:00+00:00,248087.40190820376
2025-08-06 00:00:00+00:00,253095.88946620983
2025-08-07 00:00:00+00:00,254023.18297444884
2025-08-08 00:00:00+00:00,255724.31073313078
2025-08-11 00:00:00+00:00,254916.15881246328
2025-08-12 00:00:00+00:00,258769.58231636585
2025-08-13 00:00:00+00:00,257321.22540231506
2025-08-14 00:00:00+00:00,259715.00023776424
2025-08-15 00:00:00+00:00,257139.84750000288
2025-08-18 00:00:00+00:00,257562.33352277803
2025-08-19 00:00:00+00:00,251218.7393360584
2025-08-20 00:00:00+00:00,249096.43448827707
2025-08-21 00:00:00+00:00,247955.7278252613
2025-08-22 00:00:00+00:00,252331.12327863363
2025-08-25 00:00:00+00:00,252558.82997864863
2025-08-26 00:00:00+00:00,254990.55814262776
2025-08-27 00:00:00+00:00,255974.7370521364
2025-08-28 00:00:00+00:00,258891.06591735018
2025-08-29 00:00:00+00:00,252981.7354297186
2025-09-02 00:00:00+00:00,251072.2859146737
2025-09-03 00:00:00+00:00,252849.00295239576
2025-09-04 00:00:00+00:00,256702.15818638122
2025-09-05 00:00:00+00:00,261692.51973563252
2025-09-08 00:00:00+00:00,265797.3414393253
2025-09-09 00:00:00+00:00,264749.00202091463
2025-09-10 00:00:00+00:00,275433.33641068137
2025-09-11 00:00:00+00:00,273134.30298276676
2025-09-12 00:00:00+00:00,273760.0828302725
2025-09-15 00:00:00+00:00,276140.41502226534
2025-09-16 00:00:00+00:00,274342.39962657983
2025-09-17 00:00:00+00:00,268612.86841308937
2025-09-18 00:00:00+00:00,270347.5057888761
2025-09-19 00:00:00+00:00,271304.2175800538
2025-09-22 00:00:00+00:00,271264.05857607425
2025-09-23 00:00:00+00:00,268161.7862508255
2025-09-24 00:00:00+00:00,267695.725214543
2025-09-25 00:00:00+00:00,266765.2789421038
2025-09-26 00:00:00+00:00,267122.55059508403
2025-09-29 00:00:00+00:00,266750.82437633595
2025-09-30 00:00:00+00:00,268548.37374001805
2025-10-01 00:00:00+00:00,269517.20773253747
2025-10-02 00:00:00+00:00,271405.47000936937
2025-10-03 00:00:00+00:00,270934.307583431
2025-10-06 00:00:00+00:00,269777.0805412507
2025-10-07 00:00:00+00:00,269710.4601974758
2025-10-08 00:00:00+00:00,274068.16155713156
2025-10-09 00:00:00+00:00,275407.25924497854
2025-10-10 00:00:00+00:00,262736.1348316174
2025-10-13 00:00:00+00:00,275869.4762876811
2025-10-14 00:00:00+00:00,267942.5348602917
2025-10-15 00:00:00+00:00,270431.2521334465
2025-10-16 00:00:00+00:00,270702.6494387257
2025-10-17 00:00:00+00:00,269669.2661592219
2025-10-20 00:00:00+00:00,271291.4469242178
2025-10-21 00:00:00+00:00,269196.5144218599
2025-10-22 00:00:00+00:00,266954.59073507873
2025-10-23 00:00:00+00:00,269450.4582448696
2025-10-24 00:00:00+00:00,275326.67901265074
2025-10-27 00:00:00+00:00,280961.169449762
2025-10-28 00:00:00+00:00,288297.5810002037
2025-10-29 00:00:00+00:00,294441.89589741844
2025-10-30 00:00:00+00:00,288994.68963772536
2025-10-31 00:00:00+00:00,290473.716393647
2025-11-03 00:00:00+00:00,291203.48855967156
2025-11-04 00:00:00+00:00,284422.8459271912
2025-11-05 00:00:00+00:00,285636.9493073159
2025-11-06 00:00:00+00:00,280881.5254095626
2025-11-07 00:00:00+00:00,279306.5508765303
2025-11-10 00:00:00+00:00,286987.763705254
2025-11-11 00:00:00+00:00,283459.5556433185
2025-11-12 00:00:00+00:00,284360.46194257523
2025-11-13 00:00:00+00:00,274680.9370610196
2025-11-14 00:00:00+00:00,275468.91242349974
2025-11-17 00:00:00+00:00,273267.50518013915
2025-11-18 00:00:00+00:00,268533.65314208803
2025-11-19 00:00:00+00:00,274808.1720667459
2025-11-20 00:00:00+00:00,268596.11688557063
2025-11-21 00:00:00+00:00,266695.6423581323
2025-11-24 00:00:00+00:00,280580.4197965561
2025-11-25 00:00:00+00:00,282504.0444657076
2025-11-26 00:00:00+00:00,287865.2935432323
2025-11-28 00:00:00+00:00,290061.6638646677
2025-12-01 00:00:00+00:00,285619.2727658015
2025-12-02 00:00:00+00:00,285004.3162459226
2025-12-03 00:00:00+00:00,283781.92026327614
2025-12-04 00:00:00+00:00,284985.5200420271
2025-12-05 00:00:00+00:00,287347.0737323039
2025-12-08 00:00:00+00:00,291406.1302419668
2025-12-09 00:00:00+00:00,291132.4456690919
2025-12-10 00:00:00+00:00,294304.23769413243
2025-12-11 00:00:00+00:00,292108.6515240182
2025-12-12 00:00:00+00:00,275431.388789622
2025-12-15 00:00:00+00:00,268989.56653791625
2025-12-16 00:00:00+00:00,269438.5911525723
2025-12-17 00:00:00+00:00,262122.6842243869
2025-12-18 00:00:00+00:00,265324.56755945017
2025-12-19 00:00:00+00:00,271522.4444952852
2025-12-22 00:00:00+00:00,273486.67556924326
2025-12-23 00:00:00+00:00,278830.63957644807
2025-12-24 00:00:00+00:00,279460.4170075319
2025-12-26 00:00:00+00:00,280510.7522571821
2025-12-29 00:00:00+00:00,278325.50357566733
2025-12-30 00:00:00+00:00,278252.59615304833
2025-12-31 00:00:00+00:00,276144.8371729338
